time,latitude,longitude,depth,mag,magType,nst,gap,dmin,rms,net,id,updated,place,type,horizontalError,depthError,magError,magNst,status,locationSource,magSource
2018-10-10T16:18:27.120Z,-10.9133,162.3903,35,5.1,mb,,63,2.816,0.83,us,us1000ha2w,2018-10-10T16:37:38.040Z,"72km SE of Kirakira, Solomon Islands",earthquake,9.2,2,0.048,139,reviewed,us,us
2018-10-10T11:11:03.170Z,-22.0519,-179.1596,579.92,4.6,mb,,47,5.023,0.91,us,us1000h9x5,2018-10-10T11:32:05.040Z,"162km SSW of Ndoi Island, Fiji",earthquake,10.8,8.1,0.045,146,reviewed,us,us
2018-10-10T10:28:04.630Z,19.0119,95.5838,10,5.1,mb,,63,2.217,1.02,us,us1000h9ws,2018-10-10T10:48:07.040Z,"44km ENE of Prome, Burma",earthquake,7.1,1.8,0.041,193,reviewed,us,us
2018-10-10T09:43:12.480Z,24.8391,122.0765,10,4.5,mwr,,55,0.542,0.66,us,us1000h9wb,2018-10-10T10:05:32.040Z,"33km ENE of Yilan, Taiwan",earthquake,6.7,1.3,0.083,14,reviewed,us,us
2018-10-10T08:01:33.650Z,11.068,-86.6738,35.98,4.7,mb,,158,1.152,1.09,us,us1000h9v1,2018-10-10T10:26:49.040Z,"81km SSW of Masachapa, Nicaragua",earthquake,5.9,7.8,0.036,237,reviewed,us,us
2018-10-10T06:27:58.406Z,55.6252,-158.886,41.7,5,ml,,,,0.52,ak,ak20275238,2018-10-10T14:43:21.040Z,"61km SSW of Chignik Lake, Alaska",earthquake,,0.6,,,reviewed,ak,ak
2018-10-10T05:53:57.980Z,-6.2006,146.712,110.67,5.3,mb,,35,3.214,1.29,us,us1000h9tn,2018-10-10T06:11:18.488Z,"65km NNW of Lae, Papua New Guinea",earthquake,8.1,6.9,0.09,41,reviewed,us,us
2018-10-10T04:55:15.270Z,-55.8061,-27.3014,41.39,4.9,mb,,194,5.498,0.74,us,us1000h9ta,2018-10-10T05:09:31.040Z,"99km N of Visokoi Island, South Georgia and the South Sandwich Islands",earthquake,14.3,10.1,0.106,28,reviewed,us,us
2018-10-10T03:48:56.030Z,-6.3141,-80.4079,37.56,4.5,mb,,159,6.795,0.88,us,us1000h9sy,2018-10-10T04:35:58.040Z,"50km WNW of Morrope, Peru",earthquake,11.2,9,0.08,46,reviewed,us,us
2018-10-10T02:16:01.230Z,-8.1867,116.7698,10,4.6,mb,,68,2.605,1,us,us1000h9sk,2018-10-10T02:36:29.040Z,"20km NE of Belanting, Indonesia",earthquake,8.4,1.9,0.133,17,reviewed,us,us
2018-10-10T02:03:00.090Z,-6.1655,147.504,49.87,5.4,mww,,38,3.236,1.05,us,us1000h9sh,2018-10-10T02:19:44.040Z,"62km NW of Finschhafen, Papua New Guinea",earthquake,7.7,7.4,0.073,18,reviewed,us,us
2018-10-10T01:48:43.840Z,39.72,73.9802,10,4.6,mb,,56,1.773,1.06,us,us1000h9s9,2018-10-10T02:31:09.040Z,"62km E of Sary-Tash, Kyrgyzstan",earthquake,3.5,1.9,0.08,46,reviewed,us,us
2018-10-09T23:12:32.910Z,-18.4198,-175.4892,247.58,5.1,mb,,35,4.806,0.91,us,us1000h9qy,2018-10-09T23:31:28.040Z,"161km W of Neiafu, Tonga",earthquake,9.4,7.1,0.029,395,reviewed,us,us
2018-10-09T20:27:02.310Z,-14.8255,172.9276,608.62,5,mb,,37,5.713,1.25,us,us1000h9lz,2018-10-09T20:42:44.040Z,"Vanuatu region",earthquake,10.8,8.5,0.049,131,reviewed,us,us
2018-10-09T19:58:40.470Z,39.0406,142.4255,33.64,4.6,mb,,135,1.737,0.92,us,us1000h9la,2018-10-09T21:04:27.040Z,"53km ESE of Kamaishi, Japan",earthquake,7.2,5.6,0.061,79,reviewed,us,us
2018-10-09T19:05:42.950Z,-23.6181,-13.4185,10,5.4,mww,,61,27.95,0.74,us,us1000h9kf,2018-10-09T21:11:37.040Z,"Southern Mid-Atlantic Ridge",earthquake,11.5,1.8,0.089,12,reviewed,us,us
2018-10-09T18:10:22.220Z,-7.2249,149.6353,37.46,4.9,mb,,63,3.269,0.86,us,us1000h9jr,2018-10-09T19:10:49.040Z,"111km S of Kandrian, Papua New Guinea",earthquake,3.6,7.4,0.065,78,reviewed,us,us
2018-10-09T17:39:05.920Z,-16.3826,167.3909,40.31,4.7,mb,,119,5.085,1.01,us,us1000h9i6,2018-10-09T18:37:01.040Z,"29km S of Lakatoro, Vanuatu",earthquake,9.2,9.4,0.103,32,reviewed,us,us
2018-10-09T10:13:29.470Z,-6.0775,113.1468,573.39,4.6,mb,,27,2.577,1.18,us,us1000h99t,2018-10-09T10:58:15.040Z,"113km NE of Kemeduran, Indonesia",earthquake,9.2,5.6,0.054,105,reviewed,us,us
2018-10-09T08:07:06.840Z,49.4542,156.3991,35,4.5,mb,,167,3.749,1.43,us,us1000h984,2018-10-09T08:29:38.040Z,"137km S of Severo-Kuril'sk, Russia",earthquake,11.5,2,0.145,14,reviewed,us,us
2018-10-09T07:45:14.670Z,49.4299,156.17,42.02,6,mww,,92,3.806,1.51,us,us1000h97j,2018-10-09T15:55:08.040Z,"138km S of Severo-Kuril'sk, Russia",earthquake,4.7,5.4,0.071,19,reviewed,us,us
2018-10-09T04:16:46.580Z,40.9997,142.2155,58.42,4.5,mb,,136,0.897,0.72,us,us1000h952,2018-10-09T04:47:16.040Z,"80km ENE of Misawa, Japan",earthquake,5.9,7.2,0.113,23,reviewed,us,us
2018-10-09T01:48:07.370Z,9.0373,-83.9991,10,4.9,mb,,136,0.699,1.37,us,us1000h93j,2018-10-09T03:04:21.792Z,"46km SSE of Quepos, Costa Rica",earthquake,4.3,1.8,0.036,246,reviewed,us,us
2018-10-08T23:14:39.410Z,45.7975,150.4967,107,4.7,mb,,144,5.854,0.68,us,us1000h92e,2018-10-09T05:43:33.040Z,"213km ENE of Kuril'sk, Russia",earthquake,12.1,8.6,0.077,51,reviewed,us,us
2018-10-08T21:59:54.810Z,-1.3878,120.5252,10,4.6,mb,,82,2.272,0.84,us,us1000h90a,2018-10-09T05:30:36.040Z,"14km WNW of Kasiguncu, Indonesia",earthquake,6.4,1.9,0.088,39,reviewed,us,us
2018-10-08T21:15:46.530Z,-0.8823,119.9899,10,5.1,mb,,79,2.132,1.06,us,us1000h8zg,2018-10-08T22:33:17.040Z,"13km E of Palu, Indonesia",earthquake,4.2,1.9,0.092,38,reviewed,us,us
2018-10-08T20:53:21.530Z,-4.7443,137.9981,35,4.6,mb,,115,6.015,0.46,us,us1000h8z3,2018-10-08T21:18:33.040Z,"204km ESE of Enarotali, Indonesia",earthquake,6,1.9,0.092,35,reviewed,us,us
2018-10-08T19:52:02.670Z,37.4342,141.4597,35,4.7,mb,,129,0.686,0.62,us,us1000h8xg,2018-10-09T04:57:27.807Z,"41km E of Namie, Japan",earthquake,7.4,1.9,0.042,175,reviewed,us,us
2018-10-08T17:24:25.790Z,-24.0068,-66.8511,200.37,4.5,mb,,54,1.608,0.94,us,us1000h8va,2018-10-08T21:51:33.040Z,"58km WNW of San Antonio de los Cobres, Argentina",earthquake,8.8,9.4,0.163,11,reviewed,us,us
2018-10-08T14:54:14.950Z,5.9385,126.0306,147.03,4.5,mb,,106,1.21,0.57,us,us1000h8rz,2018-10-09T14:48:19.040Z,"39km ESE of Lamitan, Philippines",earthquake,9.7,8.1,0.088,38,reviewed,us,us
2018-10-08T14:48:02.700Z,39.4408,75.1931,27.02,4.6,mb,,93,2.066,0.7,us,us1000h8rt,2018-10-09T14:38:48.040Z,"67km W of Kashi, China",earthquake,5.5,5.8,0.105,27,reviewed,us,us
2018-10-08T13:55:15.650Z,-5.5726,152.9227,10,4.7,mb,,98,1.566,0.78,us,us1000h8r2,2018-10-09T14:27:19.040Z,"122km S of Taron, Papua New Guinea",earthquake,7.3,1.9,0.083,44,reviewed,us,us
2018-10-08T12:53:58.480Z,42.5976,141.9641,29.2,4.6,mb,,74,1.059,0.74,us,us1000h8q7,2018-10-08T15:24:03.124Z,"29km E of Tomakomai, Japan",earthquake,6.1,4.5,0.063,74,reviewed,us,us
2018-10-08T12:05:56.490Z,23.5439,-108.9649,10,4.7,mb,,160,0.909,1.09,us,us1000h8pv,2018-10-09T18:32:48.040Z,"92km NE of San Jose del Cabo, Mexico",earthquake,8.8,2,0.043,168,reviewed,us,us
2018-10-08T05:45:32.250Z,23.6612,143.9489,45.93,4.9,mb,,101,3.773,0.92,us,us1000h8mj,2018-10-08T06:07:44.040Z,"293km ESE of Iwo Jima, Japan",earthquake,10.9,7.6,0.05,125,reviewed,us,us
2018-10-07T21:54:47.630Z,9.4591,126.2615,61.53,4.9,mb,,46,2.468,0.99,us,us1000h8in,2018-10-07T22:35:57.805Z,"21km NNE of Cortes, Philippines",earthquake,7.9,6.3,0.036,237,reviewed,us,us
2018-10-07T20:56:05.850Z,19.6802,-109.0461,10,4.5,mb,,231,4.072,1.09,us,us1000h8i2,2018-10-07T21:10:55.040Z,"226km ENE of Socorro Island, Mexico",earthquake,11.2,1.9,0.045,144,reviewed,us,us
2018-10-07T20:00:17.310Z,20.0598,-72.9122,10,5.2,mww,,55,1.635,0.67,us,us1000h8hi,2018-10-09T16:09:33.040Z,"16km NNW of Ti Port-de-Paix, Haiti",earthquake,6.4,1.9,0.071,19,reviewed,us,us
2018-10-07T17:57:21.200Z,-8.3499,116.8148,10,5.1,mww,,63,2.637,1.28,us,us1000h8gb,2018-10-09T11:57:26.353Z,"14km ENE of Sambelia, Indonesia",earthquake,6.7,1.8,0.069,20,reviewed,us,us
2018-10-07T17:42:21.320Z,-28.1711,-179.2795,395.38,5.5,mww,,50,1.597,1.47,us,us1000h8g6,2018-10-08T18:27:09.040Z,"181km NW of Raoul Island, New Zealand",earthquake,10.9,6,0.073,18,reviewed,us,us
2018-10-07T14:14:00.550Z,-30.6189,-71.7644,28.96,4.6,mb,,75,0.124,0.46,us,us1000h8ex,2018-10-09T14:13:18.909Z,"54km W of Ovalle, Chile",earthquake,5.8,1.1,0.146,14,reviewed,us,us
2018-10-07T13:52:39.930Z,36.532,70.5446,195.85,4.9,mww,,44,0.593,0.72,us,us1000h8et,2018-10-09T13:35:03.076Z,"45km SW of Jarm, Afghanistan",earthquake,5.8,3.8,0.073,18,reviewed,us,us
2018-10-07T12:05:09.730Z,-36.1885,52.3644,10,4.6,mb,,87,12.097,0.38,us,us1000h8ee,2018-10-07T12:23:27.040Z,"Southwest Indian Ridge",earthquake,14.4,1.9,0.141,15,reviewed,us,us
2018-10-07T11:15:41.650Z,43.4388,87.0827,10,4.6,mb,,69,4.769,1.43,us,us1000h8e2,2018-10-07T11:41:58.040Z,"58km SW of Urunchi, China",earthquake,8.7,1.9,0.111,24,reviewed,us,us
2018-10-07T09:44:28.640Z,-7.3597,-13.1133,10,5,mb,,66,1.36,0.95,us,us1000h8dp,2018-10-07T10:01:06.040Z,"157km ENE of Georgetown, Saint Helena",earthquake,9.1,1.9,0.074,58,reviewed,us,us
2018-10-07T07:57:57.070Z,-7.3411,-13.2039,10,4.9,mb,,55,1.288,0.8,us,us1000h8d3,2018-10-07T08:17:39.040Z,"148km ENE of Georgetown, Saint Helena",earthquake,4.9,1.9,0.104,29,reviewed,us,us
2018-10-07T03:01:10.700Z,26.5226,140.5479,422.62,4.7,mb,,82,1.57,0.85,us,us1000h8c2,2018-10-07T03:19:30.040Z,"177km WSW of Chichi-shima, Japan",earthquake,10.7,7.5,0.029,352,reviewed,us,us
2018-10-07T01:44:22.920Z,-54.6416,-135.677,10,5.1,mb,,130,28.498,1.02,us,us1000h8fm,2018-10-07T16:29:35.040Z,"Pacific-Antarctic Ridge",earthquake,13.2,1.8,0.097,34,reviewed,us,us
2018-10-07T01:35:50.350Z,37.3601,71.6759,119.71,4.5,mb,,64,0.17,0.77,us,us1000h8be,2018-10-07T02:16:45.040Z,"17km NW of Roshtqal'a, Tajikistan",earthquake,7.6,4.9,0.192,8,reviewed,us,us
2018-10-07T01:14:19.870Z,35.0112,137.5054,41.56,4.8,mb,,66,0.516,0.8,us,us1000h8b9,2018-10-08T10:11:07.970Z,"12km N of Shinshiro, Japan",earthquake,4.2,6.2,0.061,82,reviewed,us,us
2018-10-07T01:06:51.010Z,-54.3738,-135.6377,10,4.9,mb,,105,30.799,1.3,us,us1000h8fi,2018-10-07T16:32:23.040Z,"Pacific-Antarctic Ridge",earthquake,13.5,1.8,0.096,34,reviewed,us,us
2018-10-07T00:26:43.570Z,12.6154,-88.2567,49.7,4.9,mb,,77,1.18,1.48,us,us1000h8au,2018-10-07T00:55:06.040Z,"67km SSW of Intipuca, El Salvador",earthquake,6.7,7.1,0.034,267,reviewed,us,us
2018-10-07T00:11:51.280Z,20.0269,-73.0158,24,5.9,mww,,19,1.642,0.81,us,us1000h8an,2018-10-10T02:38:19.474Z,"21km WNW of Ti Port-de-Paix, Haiti",earthquake,5.3,1.8,0.055,32,reviewed,us,us
2018-10-07T00:10:05.390Z,7.5869,-37.6617,10,5.6,mww,,53,13.441,1.16,us,us1000h8ar,2018-10-09T16:15:44.040Z,"Central Mid-Atlantic Ridge",earthquake,9.9,1.8,0.073,18,reviewed,us,us
2018-10-06T23:01:02.430Z,-6.2192,148.9031,59.18,4.9,mb,,39,3.605,0.95,us,us1000h8a8,2018-10-06T23:21:32.040Z,"71km W of Kandrian, Papua New Guinea",earthquake,8.1,1.4,0.058,97,reviewed,us,us
2018-10-06T22:15:35.110Z,35.9469,70.5381,97.65,4.5,mb,,87,1.176,0.86,us,us1000h89r,2018-10-06T23:28:14.040Z,"23km WSW of `Alaqahdari-ye Kiran wa Munjan, Afghanistan",earthquake,4.7,6.1,0.094,33,reviewed,us,us
2018-10-06T16:22:32.660Z,-5.5813,150.2422,117.84,5,mww,,62,2.36,0.78,us,us1000h856,2018-10-06T16:38:03.040Z,"11km ESE of Kimbe, Papua New Guinea",earthquake,7.9,6.9,0.078,16,reviewed,us,us
2018-10-06T15:18:43.780Z,26.5087,129.4566,10,4.8,mb,,85,1.108,0.83,us,us1000h84n,2018-10-06T15:43:54.040Z,"147km E of Nago, Japan",earthquake,6.1,1.9,0.116,23,reviewed,us,us
2018-10-06T09:37:16.410Z,-44.4538,167.8786,11.52,4.6,mb,,77,0.894,1.3,us,us1000h82b,2018-10-08T08:55:12.304Z,"89km NW of Queenstown, New Zealand",earthquake,3.8,4.7,0.117,22,reviewed,us,us
2018-10-06T04:14:25.130Z,42.7112,141.9477,44.99,4.6,mb,,75,1.134,0.41,us,us1000h800,2018-10-06T07:44:04.812Z,"27km ESE of Chitose, Japan",earthquake,5.4,7.7,0.086,40,reviewed,us,us
2018-10-06T00:34:20.340Z,37.5412,15.022,7.74,4.6,mwr,,37,0.614,0.99,us,us1000h7ya,2018-10-07T19:30:08.756Z,"2km NNW of Misterbianco, Italy",earthquake,5.1,4.5,0.052,36,reviewed,us,us
2018-10-05T21:23:15.140Z,-22.1337,169.4453,10,4.8,mb,,94,1.91,0.89,us,us1000h7vl,2018-10-05T21:36:43.040Z,"173km ESE of Tadine, New Caledonia",earthquake,8.3,1.9,0.098,32,reviewed,us,us
2018-10-05T21:08:27.890Z,-22.0465,169.6163,13.17,5.4,mww,,41,2.086,1.05,us,us1000h7v7,2018-10-07T16:57:11.040Z,"187km ESE of Tadine, New Caledonia",earthquake,6.8,3.1,0.065,23,reviewed,us,us
2018-10-05T18:16:10.980Z,-42.637,78.5721,10,5.2,mb,,45,8.881,0.75,us,us1000h7qa,2018-10-06T15:01:43.040Z,"Mid-Indian Ridge",earthquake,10.2,1.8,0.068,72,reviewed,us,us
2018-10-05T15:13:28.150Z,-5.6244,-11.37,10,5.2,mb,,59,13.836,0.86,us,us1000h7kj,2018-10-05T15:29:57.040Z,"Ascension Island region",earthquake,12.5,1.9,0.103,31,reviewed,us,us
2018-10-05T14:59:44.630Z,-5.6465,-11.4955,10,5.6,mww,,34,3.64,1.44,us,us1000h7jc,2018-10-05T17:01:58.188Z,"Ascension Island region",earthquake,9.1,1.8,0.073,18,reviewed,us,us
2018-10-05T10:34:23.890Z,8.3967,-103.3064,10,4.6,mb,,210,10.213,1.17,us,us1000h7fq,2018-10-05T11:17:29.040Z,"Northern East Pacific Rise",earthquake,11.4,2,0.05,121,reviewed,us,us
2018-10-05T01:56:35.820Z,-3.4337,149.6856,10,5,mb,,82,2.584,1.26,us,us1000h7di,2018-10-05T02:15:08.040Z,"155km SW of Kavieng, Papua New Guinea",earthquake,8.5,1.9,0.111,26,reviewed,us,us
2018-10-05T01:46:01.210Z,-14.5368,-71.6018,10,5.3,mww,,60,3.657,1.34,us,us1000h7da,2018-10-05T18:54:42.975Z,"23km WSW of Checca, Peru",earthquake,7.7,1.9,0.071,19,reviewed,us,us
2018-10-04T23:58:48.010Z,42.618,142.0556,12.05,5.4,mb,,33,1.015,0.84,us,us1000h7cn,2018-10-05T16:41:41.040Z,"37km E of Tomakomai, Japan",earthquake,6.9,3.3,0.027,457,reviewed,us,us
2018-10-04T23:21:56.590Z,-22.8393,-66.3748,235.4,4.9,mb,,59,1.667,1.02,us,us1000h7c7,2018-10-04T23:34:54.040Z,"70km W of Abra Pampa, Argentina",earthquake,7.9,10.6,0.129,19,reviewed,us,us
2018-10-04T23:07:52.150Z,-5.9598,154.7495,166.94,4.8,mb,,93,3.117,1.06,us,us1000h7bz,2018-10-04T23:25:31.040Z,"90km WNW of Panguna, Papua New Guinea",earthquake,11,7.3,0.064,75,reviewed,us,us
2018-10-04T22:44:33.410Z,26.5746,129.431,10,5,mww,,68,1.068,1.72,us,us1000h7bt,2018-10-04T23:08:21.040Z,"144km E of Nago, Japan",earthquake,4.8,1.9,0.071,19,reviewed,us,us
2018-10-04T22:08:34.870Z,-1.2053,120.0587,10,4.5,mb,,87,2.411,1.28,us,us1000h7bb,2018-10-04T22:32:39.040Z,"40km SSE of Palu, Indonesia",earthquake,6.6,1.9,0.113,23,reviewed,us,us
2018-10-04T19:59:41.250Z,13.0799,-81.106,10.81,4.7,mb,,43,3.239,0.61,us,us1000h78n,2018-10-09T12:57:25.040Z,"42km SE of Mountain, Colombia",earthquake,3.3,5.9,0.049,127,reviewed,us,us
2018-10-04T18:27:40.370Z,-4.6372,101.8232,23.66,4.7,mb,,106,3.347,0.83,us,us1000h777,2018-10-09T20:33:04.040Z,"104km SSW of Bengkulu, Indonesia",earthquake,4.6,4.7,0.088,39,reviewed,us,us
2018-10-04T18:27:22.270Z,-1.3154,120.3148,10,4.6,mb,,126,2.455,0.72,us,us1000h774,2018-10-09T14:38:54.040Z,"39km WNW of Kasiguncu, Indonesia",earthquake,7.5,1,0.122,20,reviewed,us,us
2018-10-04T13:57:19.880Z,2.161,128.5938,10,4.5,mb,,161,1.846,0.75,us,us1000h6yd,2018-10-04T15:58:57.040Z,"80km NE of Tobelo, Indonesia",earthquake,9.4,2,0.127,18,reviewed,us,us
2018-10-04T13:29:18.660Z,19.4562,96.4059,50.52,4.5,mb,,113,1.432,0.73,us,us1000h6xu,2018-10-04T13:52:47.040Z,"36km SSE of Pyinmana, Burma",earthquake,8.4,10.6,0.145,14,reviewed,us,us
2018-10-04T09:20:21.090Z,-3.0871,129.9527,26.14,4.6,mb,,105,2.299,1.12,us,us1000h6vz,2018-10-04T10:18:29.040Z,"118km ENE of Amahai, Indonesia",earthquake,6.1,6.6,0.108,26,reviewed,us,us
2018-10-04T04:16:21.000Z,-17.8648,-178.5383,579.32,5.5,mww,,36,3.249,1.05,us,us1000h6th,2018-10-04T19:32:38.040Z,"273km SE of Lambasa, Fiji",earthquake,10.3,6.5,0.069,20,reviewed,us,us
2018-10-04T03:55:17.520Z,-36.1573,52.5161,10,4.8,mb,,86,12.12,0.65,us,us1000h6ta,2018-10-04T04:11:06.040Z,"Southwest Indian Ridge",earthquake,10.5,1.6,0.139,16,reviewed,us,us
2018-10-04T03:41:33.020Z,56.0662,163.8376,11.54,5.1,mb,,73,4.291,1,us,us1000h6t5,2018-10-04T04:05:02.040Z,"86km ESE of Ust'-Kamchatsk Staryy, Russia",earthquake,6.4,3.7,0.029,377,reviewed,us,us
2018-10-03T23:59:42.790Z,-56.1601,-27.1846,75.39,5.2,mb,,61,18.64,0.79,us,us1000h6q0,2018-10-04T00:58:47.040Z,"60km N of Visokoi Island, South Georgia and the South Sandwich Islands",earthquake,10.1,5.4,0.092,39,reviewed,us,us
2018-10-03T17:52:48.620Z,56.7542,162.0301,10,4.9,mb,,121,4.217,1.02,us,us1000h6f3,2018-10-03T18:11:45.040Z,"64km NNW of Ust'-Kamchatsk Staryy, Russia",earthquake,6.8,1.8,0.041,186,reviewed,us,us
2018-10-03T15:53:26.160Z,-10.4057,120.1101,10,4.5,mb,,84,2.738,1.1,us,us1000h6b5,2018-10-03T21:43:26.040Z,"25km S of Lailunggi, Indonesia",earthquake,8,1.9,0.115,22,reviewed,us,us
2018-10-03T15:15:32.880Z,35.7894,140.9742,33.59,4.8,mb,,118,2.08,1.32,us,us1000h6ac,2018-10-05T17:56:49.925Z,"14km ENE of Hasaki, Japan",earthquake,6.7,5.2,0.065,74,reviewed,us,us
2018-10-03T12:38:05.120Z,-10.4392,120.1283,10,5.3,mb,,80,2.745,1.2,us,us1000h68e,2018-10-04T21:25:06.040Z,"29km SSW of Nggongi, Indonesia",earthquake,6.3,1.7,0.071,66,reviewed,us,us
2018-10-03T11:53:58.690Z,-10.5748,120.3166,10,4.6,mb,,79,2.702,0.92,us,us1000h67z,2018-10-03T12:17:07.040Z,"43km SSE of Nggongi, Indonesia",earthquake,7,1.9,0.082,44,reviewed,us,us
2018-10-03T09:58:06.080Z,-10.5439,120.2732,10,5,mww,,79,2.71,1.04,us,us1000h66t,2018-10-03T10:17:43.040Z,"38km S of Nggongi Satu, Indonesia",earthquake,5.6,1.8,0.075,17,reviewed,us,us
2018-10-03T07:21:28.370Z,53.5244,158.9335,113,4.6,mb,,115,0.53,0.64,us,us1000h651,2018-10-03T07:58:47.040Z,"52km NE of Yelizovo, Russia",earthquake,10.8,6.6,0.044,157,reviewed,us,us
2018-10-03T05:46:18.690Z,-28.1248,-176.1835,10,4.9,mb,,112,1.896,1.59,us,us1000h63l,2018-10-03T06:17:56.040Z,"210km NE of Raoul Island, New Zealand",earthquake,9.1,1.9,0.099,32,reviewed,us,us
2018-10-03T05:23:24.570Z,-10.3875,160.6499,10,5.3,mb,,64,1.169,1.13,us,us1000h639,2018-10-04T19:05:46.040Z,"130km SE of Honiara, Solomon Islands",earthquake,7.9,1.9,0.08,52,reviewed,us,us
2018-10-03T04:12:58.530Z,53.1858,-168.6393,82.7,4.6,mb,,98,1.83,0.86,us,us1000h62f,2018-10-03T04:52:34.518Z,"31km NNE of Nikolski, Alaska",earthquake,3.2,11.8,0.042,166,reviewed,us,us
2018-10-03T02:54:50.640Z,-21.5319,-65.5635,282.04,4.6,mb,,35,2.805,1.23,us,us1000h61k,2018-10-03T03:19:03.040Z,"18km ESE of Tupiza, Bolivia",earthquake,6.5,6.5,0.036,227,reviewed,us,us
2018-10-02T21:38:40.640Z,-10.8642,109.5086,10,4.5,mb,,169,3.099,0.67,us,us1000h5xr,2018-10-02T22:04:38.040Z,"South of Java, Indonesia",earthquake,8.7,2,0.135,16,reviewed,us,us
2018-10-02T21:06:56.430Z,-1.0381,119.967,13.89,4.8,mb,,69,2.285,0.86,us,us1000h5x5,2018-10-02T21:23:54.040Z,"19km SSE of Palu, Indonesia",earthquake,5.8,5.2,0.088,40,reviewed,us,us
2018-10-02T19:22:39.210Z,-18.0758,-178.4529,543.03,4.8,mb,,114,3.343,0.93,us,us1000h5ud,2018-10-03T14:00:17.040Z,"286km N of Ndoi Island, Fiji",earthquake,12.9,8.2,0.085,47,reviewed,us,us
2018-10-02T16:01:57.900Z,-24.7991,-175.2457,10,4.9,mb,,140,5.033,0.48,us,us1000h5np,2018-10-02T16:41:06.040Z,"South of Tonga",earthquake,7.2,1.6,0.12,22,reviewed,us,us
2018-10-02T15:29:05.160Z,37.6699,37.3967,5,4.6,mb,,46,0.518,1.08,us,us1000h5mr,2018-10-10T16:51:36.040Z,"12km SE of Caglayancerit, Turkey",earthquake,4.2,1.9,0.095,33,reviewed,us,us
2018-10-02T15:15:10.890Z,-27.339,66.5091,10,4.5,mb,,81,8.078,0.45,us,us1000h9gf,2018-10-10T16:49:34.040Z,"Indian Ocean Triple Junction",earthquake,14.3,1.9,0.272,7,reviewed,us,us
2018-10-02T14:17:58.400Z,-20.6184,-177.8592,528.48,4.6,mb,,79,4.805,0.84,us,us1000h9ga,2018-10-10T14:47:35.040Z,"87km E of Ndoi Island, Fiji",earthquake,9.8,7,0.081,46,reviewed,us,us
2018-10-02T11:35:41.210Z,-17.7914,167.8412,10,4.9,mb,,71,4.338,0.87,us,us1000h5l2,2018-10-03T02:09:15.273Z,"51km W of Port-Vila, Vanuatu",earthquake,3.3,1.9,0.069,66,reviewed,us,us
2018-10-02T10:40:13.410Z,-6.5872,-80.7271,10,4.7,mb,,145,6.229,0.7,us,us1000h5kk,2018-10-02T11:03:57.040Z,"79km W of Morrope, Peru",earthquake,7.4,1.9,0.065,72,reviewed,us,us
2018-10-02T10:08:37.460Z,-17.825,167.8506,10,5.6,mww,,48,4.324,0.76,us,us1000h5k9,2018-10-03T20:57:58.040Z,"50km WSW of Port-Vila, Vanuatu",earthquake,8.2,1.9,0.073,18,reviewed,us,us
2018-10-02T07:54:36.760Z,-10.5538,120.2506,35,4.5,mb,,80,2.733,0.9,us,us1000h5j0,2018-10-02T12:56:27.040Z,"39km S of Nggongi Satu, Indonesia",earthquake,6.8,1.9,0.107,26,reviewed,us,us
2018-10-02T07:01:09.580Z,-10.4828,120.3092,35,4.8,mb,,79,2.643,0.95,us,us1000h5ih,2018-10-02T07:52:49.040Z,"32km SSE of Nggongi, Indonesia",earthquake,6.8,2,0.084,44,reviewed,us,us
2018-10-02T06:26:24.840Z,4.9031,125.4253,183.44,4.7,mb,,123,2.157,0.7,us,us1000h5ib,2018-10-02T09:41:01.040Z,"55km S of Sarangani, Philippines",earthquake,9.3,7.4,0.102,29,reviewed,us,us
2018-10-02T06:09:18.360Z,-10.5031,120.29,15.89,4.5,mb,,79,2.67,1.27,us,us1000h5i1,2018-10-02T09:46:51.040Z,"34km S of Nggongi Satu, Indonesia",earthquake,5.3,5.5,0.119,21,reviewed,us,us
2018-10-02T05:15:33.750Z,0.2915,126.2532,47.04,5.1,mb,,51,1.211,0.78,us,us1000h5hp,2018-10-02T05:30:53.040Z,"135km WSW of Kota Ternate, Indonesia",earthquake,6.8,7.5,0.087,43,reviewed,us,us
2018-10-02T04:59:26.290Z,-1.5951,120.2339,10,5,mb,,90,2.596,0.71,us,us1000h5hb,2018-10-02T05:17:07.040Z,"50km WSW of Kasiguncu, Indonesia",earthquake,6.4,1.9,0.109,27,reviewed,us,us
2018-10-02T04:49:31.470Z,-10.4747,120.1211,20.71,5.6,mww,,37,2.774,1.22,us,us1000h5h5,2018-10-03T21:02:50.040Z,"33km SSW of Nggongi Satu, Indonesia",earthquake,6.9,5,0.073,18,reviewed,us,us
2018-10-02T03:27:51.260Z,36.4583,141.2201,31.46,4.9,mb,,117,1.449,1.1,us,us1000h5gh,2018-10-03T15:49:06.455Z,"53km ESE of Hitachi, Japan",earthquake,6.8,5.4,0.063,78,reviewed,us,us
2018-10-02T02:42:49.180Z,31.8586,50.527,10,4.9,mb,,59,5.165,0.87,us,us1000h5g4,2018-10-02T03:04:29.040Z,"44km S of Farsan, Iran",earthquake,7.5,1.8,0.061,85,reviewed,us,us
2018-10-02T00:16:45.760Z,-10.4623,120.1589,26,5.9,mww,,49,2.738,1.25,us,us1000h5el,2018-10-02T05:21:27.574Z,"30km SSW of Nggongi, Indonesia",earthquake,6.5,1.8,0.073,18,reviewed,us,us
2018-10-01T23:59:43.070Z,-10.4964,120.2207,29,6,mww,,46,2.715,1.19,us,us1000h5eg,2018-10-02T05:17:03.108Z,"33km S of Nggongi Satu, Indonesia",earthquake,6.6,1.9,0.043,51,reviewed,us,us
2018-10-01T23:46:39.550Z,-0.6579,119.8785,10,5.2,mww,,50,1.975,0.94,us,us1000h5eb,2018-10-02T16:51:37.040Z,"25km N of Palu, Indonesia",earthquake,5.7,1.9,0.071,19,reviewed,us,us
2018-10-01T23:27:06.090Z,-10.4753,120.2032,22.25,5.4,mb,,59,2.714,0.93,us,us1000h5e3,2018-10-04T23:24:28.040Z,"31km S of Nggongi Satu, Indonesia",earthquake,6.8,5.1,0.051,134,reviewed,us,us
2018-10-01T23:12:02.580Z,-10.4914,120.1536,10,5,mww,,46,2.761,1.48,us,us1000h5du,2018-10-01T23:38:40.040Z,"33km SSW of Nggongi Satu, Indonesia",earthquake,5.8,1.7,0.073,18,reviewed,us,us
2018-10-01T22:01:21.220Z,-26.5973,67.8247,10,4.7,mb,,77,7.946,0.98,us,us1000h7nb,2018-10-10T03:34:54.040Z,"Indian Ocean Triple Junction",earthquake,9.7,1.8,0.123,20,reviewed,us,us
2018-10-01T21:43:02.780Z,16.7749,-93.9772,115.65,5.3,mww,,68,0.923,1.18,us,us1000h5c4,2018-10-10T03:32:46.752Z,"28km W of Cintalapa de Figueroa, Mexico",earthquake,4.6,3.3,0.044,50,reviewed,us,us
2018-10-01T20:43:03.300Z,-26.4659,67.4855,10,4.5,mb,,153,53.737,0.57,us,us1000h7n0,2018-10-08T17:38:13.040Z,"Indian Ocean Triple Junction",earthquake,9.2,1.9,0.181,9,reviewed,us,us
2018-10-01T19:29:23.330Z,38.9592,142.8115,36.52,4.5,mb,,167,1.925,1.03,us,us1000h7n9,2018-10-08T19:22:59.040Z,"87km ESE of Kamaishi, Japan",earthquake,7.7,13.3,0.191,8,reviewed,us,us
2018-10-01T19:11:12.110Z,-21.7185,69.0677,10,4.6,mb,,103,14.594,0.86,us,us1000h7mx,2018-10-08T17:20:30.040Z,"Mid-Indian Ridge",earthquake,9.4,1.9,0.193,9,reviewed,us,us
2018-10-01T18:16:42.100Z,-26.5859,67.5826,10,5.3,mww,,41,14.004,0.87,us,us1000h55w,2018-10-08T15:08:17.765Z,"Indian Ocean Triple Junction",earthquake,10.6,1.8,0.062,25,reviewed,us,us
2018-10-01T18:12:59.950Z,-26.6055,67.5574,10,5.2,mb,,50,37.401,0.7,us,us1000h55v,2018-10-08T20:14:03.040Z,"Indian Ocean Triple Junction",earthquake,12.3,1.8,0.072,64,reviewed,us,us
2018-10-01T18:03:54.390Z,-24.0939,-66.7867,197.47,4.7,mwr,,54,1.71,0.72,us,us1000h55a,2018-10-08T14:58:05.040Z,"49km WNW of San Antonio de los Cobres, Argentina",earthquake,6.1,6.6,,,reviewed,us,guc
2018-10-01T18:03:02.490Z,-26.5512,67.5325,10,4.8,mb,,77,37.392,0.6,us,us1000h7mt,2018-10-08T17:12:08.040Z,"Indian Ocean Triple Junction",earthquake,8.7,1.9,0.089,39,reviewed,us,us
2018-10-01T17:58:30.670Z,-12.809,45.21,10,4.5,mb,,50,6.036,0.94,us,us1000h5aj,2018-10-08T15:10:17.709Z,"3km SSW of Mamoudzou, Mayotte",earthquake,7.8,1.8,0.116,22,reviewed,us,us
2018-10-01T17:39:01.790Z,-0.6825,119.8124,10,4.7,mb,,51,2.028,0.83,us,us1000h53t,2018-10-08T15:20:10.951Z,"24km NNW of Palu, Indonesia",earthquake,3.3,1.8,0.079,49,reviewed,us,us
2018-10-01T15:35:38.520Z,-16.9986,-179.1581,536.94,4.5,mb,,70,2.764,0.84,us,us1000h7mq,2018-10-10T13:20:48.040Z,"168km ESE of Lambasa, Fiji",earthquake,14.2,8.8,0.104,27,reviewed,us,us
2018-10-01T15:11:49.730Z,-45.7585,-75.8632,10,5.3,mww,,140,1.992,0.62,us,us1000h50j,2018-10-09T21:01:01.040Z,"239km W of Puerto Chacabuco, Chile",earthquake,8.4,1.9,0.075,17,reviewed,us,us
2018-10-01T15:07:11.250Z,26.7516,129.7105,10,4.7,mb,,98,1.288,0.27,us,us1000h7mm,2018-10-09T20:58:24.040Z,"173km E of Nago, Japan",earthquake,6,1.9,0.166,14,reviewed,us,us
2018-10-01T14:45:25.240Z,-21.0669,-67.2876,171.46,4.6,mb,,130,1.96,1.42,us,us1000h7ml,2018-10-09T20:31:35.040Z,"82km SW of Uyuni, Bolivia",earthquake,9.3,9.6,0.544,2,reviewed,us,us
2018-10-01T14:12:39.970Z,67.7838,123.279,14.83,4.5,mb,,138,4.329,0.87,us,us1000h7ms,2018-10-09T20:10:06.040Z,"113km N of Zhigansk, Russia",earthquake,8.8,6.7,0.221,6,reviewed,us,us
2018-10-01T14:11:47.110Z,-9.1669,124.0688,95.06,4.6,mb,,73,0.616,1.09,us,us1000h4zj,2018-10-09T19:45:55.040Z,"54km NW of Kefamenanu, Indonesia",earthquake,6.5,6.8,0.117,22,reviewed,us,us
2018-10-01T13:24:44.800Z,12.9046,92.2347,25.65,5.1,mb,,77,1.337,0.88,us,us1000h4z5,2018-10-09T19:32:31.040Z,"143km NNW of Bamboo Flat, India",earthquake,6.7,3.9,0.055,106,reviewed,us,us
2018-10-01T13:20:56.170Z,-24.089,-176.1442,10,5,mb,,76,5.377,0.89,us,us1000h4z7,2018-10-09T19:30:35.040Z,"South of the Fiji Islands",earthquake,9.7,1.9,0.103,36,reviewed,us,us
2018-10-01T10:32:59.960Z,3.3661,126.9491,35.8,4.9,mb,,135,2.61,0.83,us,us1000h4y0,2018-10-01T12:07:59.040Z,"216km NNW of Tobelo, Indonesia",earthquake,9.7,7.1,0.069,85,reviewed,us,us
2018-10-01T09:50:19.660Z,-26.0776,-177.0519,107.7,4.8,mb,,119,3.249,0.57,us,us1000h4xv,2018-10-01T11:04:20.040Z,"South of the Fiji Islands",earthquake,6,7.2,0.135,23,reviewed,us,us
2018-10-01T07:21:40.090Z,-26.6777,67.6257,10,5.3,mb,,57,7.922,0.61,us,us1000h4wp,2018-10-01T07:41:00.040Z,"Indian Ocean Triple Junction",earthquake,9.7,1.9,0.064,81,reviewed,us,us
2018-10-01T06:02:49.300Z,-26.5731,67.597,10,5.1,mb,,90,37.443,0.7,us,us1000h4wg,2018-10-01T06:51:45.040Z,"Indian Ocean Triple Junction",earthquake,13.8,1.9,0.08,50,reviewed,us,us
2018-10-01T05:43:35.190Z,-0.0102,119.6192,10,5.1,mww,,64,1.61,1.26,us,us1000h4vq,2018-10-02T17:07:48.040Z,"101km NNW of Palu, Indonesia",earthquake,6.4,1.8,0.08,15,reviewed,us,us
2018-10-01T04:28:00.030Z,-36.1867,52.5054,10,5.3,mb,,36,10.245,0.97,us,us1000h4ve,2018-10-10T03:02:49.040Z,"Southwest Indian Ridge",earthquake,9.2,1.7,0.061,90,reviewed,us,us
2018-10-01T04:26:28.480Z,-26.562,67.6604,10,5.1,mb,,62,7.839,0.76,us,us1000h7ll,2018-10-10T03:09:59.040Z,"Indian Ocean Triple Junction",earthquake,10.9,1.8,0.073,61,reviewed,us,us
2018-10-01T04:26:19.310Z,-18.9725,-172.922,10,4.8,mb,,103,2.835,0.83,us,us1000h7lm,2018-10-10T02:56:13.040Z,"117km ESE of Neiafu, Tonga",earthquake,10.9,1.9,0.121,22,reviewed,us,us
2018-10-01T04:04:44.950Z,-26.5261,67.5168,10,4.9,mb,,140,44.742,0.83,us,us1000h7lb,2018-10-10T02:43:43.040Z,"Indian Ocean Triple Junction",earthquake,14.5,1.9,0.112,26,reviewed,us,us
2018-10-01T03:24:08.270Z,-26.4844,67.6761,10,4.5,mb,,76,37.532,0.73,us,us1000h7m0,2018-10-10T02:09:09.040Z,"Indian Ocean Triple Junction",earthquake,10.5,1.8,0.164,12,reviewed,us,us
2018-10-01T02:22:05.340Z,42.85,142.0325,50.16,4.8,mb,,79,1.178,0.88,us,us1000h4uw,2018-10-10T02:02:42.751Z,"31km E of Chitose, Japan",earthquake,6.4,6.8,0.029,359,reviewed,us,us
2018-09-30T21:58:02.130Z,-5.7825,146.7914,85.57,5,mb,,37,3.617,0.99,us,us1000h4sf,2018-09-30T23:09:47.648Z,"106km NNW of Lae, Papua New Guinea",earthquake,8.5,7.6,0.053,112,reviewed,us,us
2018-09-30T18:45:57.460Z,51.5716,174.1602,31.98,4.6,mb,,194,3.219,0.84,us,us1000h4qp,2018-10-09T18:36:57.315Z,"128km S of Shemya Island, Alaska",earthquake,14,9,0.079,48,reviewed,us,us
2018-09-30T17:13:18.170Z,13.0845,-90.3727,10,4.5,mb,,219,1.261,0.88,us,us1000h4pt,2018-09-30T19:52:02.040Z,"81km SW of Acajutla, El Salvador",earthquake,7,2,0.124,19,reviewed,us,us
2018-09-30T16:07:00.710Z,31.9167,141.6083,16.41,4.6,mb,,89,4.83,1.33,us,us1000h7kb,2018-10-09T16:53:12.040Z,"213km SE of Hachijo-jima, Japan",earthquake,9.6,3.8,0.125,19,reviewed,us,us
2018-09-30T15:01:26.970Z,-1.3058,120.1667,10,4.6,mb,,87,2.478,0.86,us,us1000h4pb,2018-10-09T16:07:41.040Z,"55km WNW of Kasiguncu, Indonesia",earthquake,4.2,1.9,0.111,24,reviewed,us,us
2018-09-30T14:38:42.520Z,-1.2936,120.179,10,4.8,mb,,63,2.463,0.55,us,us1000h4p2,2018-10-09T15:47:43.040Z,"54km WNW of Kasiguncu, Indonesia",earthquake,3.3,1.9,0.089,39,reviewed,us,us
2018-09-30T13:23:27.740Z,28.9267,57.4876,10,4.7,mb,,129,4.127,0.63,us,us1000h4n3,2018-10-09T15:21:34.040Z,"77km ESE of Kuh Sefid, Iran",earthquake,4.7,1.9,0.108,26,reviewed,us,us
2018-09-30T13:15:57.300Z,35.0695,26.2618,75.83,4.9,mb,,69,0.876,0.81,us,us1000h4mx,2018-10-09T15:19:49.040Z,"14km S of Palaikastron, Greece",earthquake,4.3,6.9,0.04,194,reviewed,us,us
2018-09-30T10:52:23.210Z,-18.3722,-178.0949,551.19,6.6,mww,,22,3.717,1.14,us,us1000h4l1,2018-10-01T15:49:41.040Z,"260km NNE of Ndoi Island, Fiji",earthquake,9.6,5.8,0.058,29,reviewed,us,us
2018-09-30T09:42:22.360Z,-28.5858,-178.1393,169.12,4.7,mb,,115,0.682,0.54,us,us1000h4kk,2018-09-30T10:10:15.040Z,"79km NNW of Raoul Island, New Zealand",earthquake,16.9,7.1,0.102,29,reviewed,us,us
2018-09-30T08:54:04.770Z,42.5574,142.0905,29.94,5,mww,,66,0.959,1,us,us1000h4k1,2018-10-01T02:41:46.229Z,"33km NW of Shizunai, Japan",earthquake,6.3,4.3,0.073,18,reviewed,us,us
2018-09-30T03:32:32.250Z,12.447,142.7549,10,4.8,mb,,90,2.352,1.06,us,us1000h7jj,2018-10-05T23:25:13.040Z,"226km WSW of Merizo Village, Guam",earthquake,6,1.9,0.154,14,reviewed,us,us
2018-09-30T02:35:41.800Z,-10.8299,166.008,127.83,4.5,mb,,109,6.125,0.65,us,us1000h4i8,2018-09-30T03:21:23.040Z,"22km ESE of Lata, Solomon Islands",earthquake,6.1,8.3,0.085,41,reviewed,us,us
2018-09-29T23:21:24.320Z,20.3114,-65.6141,10,4.5,mb,,81,2.019,0.62,us,us1000h4gs,2018-09-30T02:18:45.914Z,"209km N of Loiza, Puerto Rico",earthquake,6.6,1.9,0.063,74,reviewed,us,us
2018-09-29T18:34:41.530Z,-15.6404,168.2207,18.77,4.9,mww,,56,6.151,0.81,us,us1000h4cy,2018-10-02T14:52:15.040Z,"100km ENE of Lakatoro, Vanuatu",earthquake,7.7,3.9,0.078,16,reviewed,us,us
2018-09-29T17:53:26.700Z,5.0816,127.0862,91.84,4.5,mb,,65,2.479,0.6,us,us1000h4cn,2018-10-02T14:04:55.040Z,"173km SE of Pondaguitan, Philippines",earthquake,8.4,7.1,0.113,26,reviewed,us,us
2018-09-29T10:30:18.480Z,-1.4535,120.2112,10,5.1,mww,,48,2.592,0.7,us,us1000h47j,2018-10-02T17:29:21.040Z,"49km W of Kasiguncu, Indonesia",earthquake,2.1,1.9,0.073,18,reviewed,us,us
2018-09-29T09:25:54.900Z,42.7577,141.9477,35,4.5,mb,,75,1.163,0.45,us,us1000h479,2018-09-30T08:07:39.215Z,"25km ESE of Chitose, Japan",earthquake,3.7,2,0.088,38,reviewed,us,us
2018-09-29T07:40:11.760Z,-1.504,120.1773,10,5.1,mb,,56,2.634,0.49,us,us1000h46e,2018-09-29T07:56:46.040Z,"53km W of Kasiguncu, Indonesia",earthquake,6.1,1.9,0.081,50,reviewed,us,us
2018-09-29T06:36:12.650Z,-1.2664,120.6793,10,4.8,mb,,78,2.103,0.92,us,us1000h463,2018-09-29T06:51:16.040Z,"16km NNW of Poso, Indonesia",earthquake,6.5,1.9,0.103,29,reviewed,us,us
2018-09-29T05:38:51.080Z,-18.371,-69.3333,132.51,4.7,mb,,68,0.789,0.89,us,us1000h45r,2018-09-29T05:58:13.040Z,"30km SE of Putre, Chile",earthquake,4.3,7.2,0.123,20,reviewed,us,us
2018-09-29T04:40:34.210Z,47.1334,152.6441,86.76,4.9,mb,,132,6.756,0.89,us,us1000h45a,2018-10-08T05:33:03.040Z,"Kuril Islands",earthquake,10.7,7,0.03,336,reviewed,us,us
2018-09-29T02:32:50.860Z,-1.5727,120.0516,10,4.9,mb,,57,2.764,0.82,us,us1000h44u,2018-09-29T02:48:53.040Z,"69km WSW of Kasiguncu, Indonesia",earthquake,4.6,1.9,0.093,36,reviewed,us,us
2018-09-28T22:17:50.700Z,-1.7882,120.2517,10,4.5,mb,,36,2.626,0.68,us,us1000h43j,2018-10-08T05:42:09.040Z,"57km WNW of Pendolo, Indonesia",earthquake,4.6,1.9,0.087,39,reviewed,us,us
2018-09-28T21:24:01.560Z,-1.584,120.1806,7.15,5,mww,,48,2.645,0.71,us,us1000h42g,2018-09-28T21:39:18.040Z,"55km WSW of Kasiguncu, Indonesia",earthquake,6.1,4.6,0.073,18,reviewed,us,us
2018-09-28T17:05:45.640Z,-1.4274,120.1868,10,4.6,mb,,57,2.59,1.19,us,us1000h3xi,2018-09-29T19:20:45.040Z,"52km W of Kasiguncu, Indonesia",earthquake,3.6,1.9,0.103,29,reviewed,us,us
2018-09-28T16:47:26.550Z,-5.6511,152.0145,59.95,4.6,mb,,150,1.457,1.04,us,us1000h3ww,2018-09-28T19:27:11.040Z,"146km S of Kokopo, Papua New Guinea",earthquake,7.3,8,0.107,26,reviewed,us,us
2018-09-28T15:35:42.250Z,-1.2892,119.7498,10,5,mb,,87,2.598,1.38,us,us1000h3v4,2018-09-28T16:20:36.040Z,"45km SSW of Palu, Indonesia",earthquake,4.5,1.9,0.1,32,reviewed,us,us
2018-09-28T15:28:13.350Z,-0.6983,119.9347,10,4.9,mb,,72,1.986,0.89,us,us1000h3uz,2018-09-28T16:13:42.040Z,"22km NNE of Palu, Indonesia",earthquake,6.1,1.9,0.089,40,reviewed,us,us
2018-09-28T14:56:09.580Z,1.1207,95.75,10,4.5,mb,,139,1.834,0.78,us,us1000h73n,2018-10-07T13:02:22.040Z,"165km SSW of Sinabang, Indonesia",earthquake,10.7,1.9,0.131,17,reviewed,us,us
2018-09-28T14:44:23.090Z,-10.9275,164.6303,10,4.6,mb,,149,4.841,0.95,us,us1000h73l,2018-10-07T12:53:53.040Z,"133km W of Lata, Solomon Islands",earthquake,10.5,1.9,0.157,12,reviewed,us,us
2018-09-28T14:39:25.570Z,-43.0585,42.3064,10,4.8,mb,,58,15.861,0.74,us,us1000h73k,2018-10-07T12:50:09.040Z,"Prince Edward Islands region",earthquake,9.1,1.8,0.121,21,reviewed,us,us
2018-09-28T14:26:00.960Z,0.0819,119.549,10,5.4,mb,,35,1.601,1.08,us,us1000h3t2,2018-10-07T12:45:43.040Z,"113km NNW of Palu, Indonesia",earthquake,6.3,1.8,0.057,106,reviewed,us,us
2018-09-28T14:24:40.150Z,-0.7277,120.1456,10,4.6,mb,,72,1.934,1.08,us,us1000h73i,2018-10-07T12:44:00.040Z,"35km ENE of Palu, Indonesia",earthquake,4.9,1.9,0.122,20,reviewed,us,us
2018-09-28T14:16:04.200Z,-1.4336,120.1255,10,4.5,mb,,90,2.611,1.25,us,us1000h47t,2018-10-07T12:38:26.040Z,"58km W of Kasiguncu, Indonesia",earthquake,5.3,1.9,0.116,22,reviewed,us,us
2018-09-28T14:10:49.570Z,-0.7567,120.5045,10,4.6,mb,,53,1.876,1.03,us,us1000h744,2018-10-07T12:34:39.040Z,"72km ENE of Palu, Indonesia",earthquake,6.3,1.9,0.103,28,reviewed,us,us
2018-09-28T14:10:08.400Z,-0.0571,119.7788,10,4.7,mb,,93,1.533,0.82,us,us1000h3sv,2018-10-07T12:17:11.040Z,"92km N of Palu, Indonesia",earthquake,3.7,1.9,0.106,27,reviewed,us,us
2018-09-28T13:56:50.420Z,0.0382,119.5964,10,4.6,mb,,87,1.594,1.11,us,us1000h3sr,2018-10-07T12:14:39.040Z,"107km NNW of Palu, Indonesia",earthquake,7.2,1.9,0.105,27,reviewed,us,us
2018-09-28T13:49:53.120Z,-30.2309,-71.5087,42.05,4.6,mb,,131,0.389,0.81,us,us1000h3si,2018-10-07T12:05:56.040Z,"34km SSW of Coquimbo, Chile",earthquake,7.2,11.2,0.314,3,reviewed,us,us
2018-09-28T13:39:44.430Z,-1.4136,119.9655,10,5.2,mb,,40,2.637,1.23,us,us1000h3sh,2018-10-07T06:59:09.040Z,"58km S of Palu, Indonesia",earthquake,4.5,1.8,0.07,68,reviewed,us,us
2018-09-28T13:35:30.630Z,0.0583,119.6822,10,5.7,ms_20,,21,1.517,0.82,us,us1000h3sd,2018-10-07T06:57:30.840Z,"107km N of Palu, Indonesia",earthquake,6.1,1.7,0.051,85,reviewed,us,us
2018-09-28T13:28:51.680Z,-1.1697,120.0054,10,4.5,mb,,87,2.394,1.17,us,us1000h74a,2018-10-07T06:49:59.040Z,"34km SSE of Palu, Indonesia",earthquake,6.2,1.3,0.121,20,reviewed,us,us
2018-09-28T13:10:26.800Z,-0.0491,119.8111,10,4.9,mb,,63,1.506,0.93,us,us1000h3s8,2018-10-07T06:37:01.040Z,"93km N of Palu, Indonesia",earthquake,3.8,1.9,0.087,41,reviewed,us,us
2018-09-28T12:39:34.280Z,-1.1164,120.2294,10,4.7,mb,,83,2.28,0.89,us,us1000h3s9,2018-09-28T14:07:00.040Z,"47km ESE of Palu, Indonesia",earthquake,2.9,1.9,0.097,32,reviewed,us,us
2018-09-28T12:32:44.900Z,15.0849,-60.4467,37.7,5.4,mb,,64,0.516,0.93,us,us1000h3s0,2018-09-29T23:25:59.773Z,"67km ENE of Sainte-Marie, Martinique",earthquake,5.7,6.5,0.023,637,reviewed,us,us
2018-09-28T12:27:33.240Z,-0.4638,119.9147,10,5.1,mb,,52,1.788,0.8,us,us1000h3rz,2018-09-28T12:43:10.040Z,"47km N of Palu, Indonesia",earthquake,4.4,1.9,0.075,57,reviewed,us,us
2018-09-28T12:05:04.170Z,-0.4545,120.0904,10,4.7,mb,,125,1.701,0.9,us,us1000h3ry,2018-09-28T12:49:41.040Z,"54km NNE of Palu, Indonesia",earthquake,7.5,1.9,0.101,30,reviewed,us,us
2018-09-28T11:06:51.150Z,-1.4933,120.0254,10,5.2,mb,,52,2.695,1.07,us,us1000h3ra,2018-09-28T11:23:06.040Z,"68km SSE of Palu, Indonesia",earthquake,5.3,1.9,0.073,62,reviewed,us,us
2018-09-28T10:50:25.150Z,-0.7541,119.9473,10,5.7,mb,,35,2.032,0.99,us,us1000h3r6,2018-09-28T12:52:48.395Z,"17km NNE of Palu, Indonesia",earthquake,5.7,1.8,0.057,109,reviewed,us,us
2018-09-28T10:47:44.560Z,-0.5107,119.8708,10,5.1,mb,,77,1.85,0.69,us,us1000h3r7,2018-09-28T11:07:38.040Z,"42km N of Palu, Indonesia",earthquake,4.7,1.8,0.096,35,reviewed,us,us
2018-09-28T10:39:03.050Z,-0.6736,119.8905,10,5.4,mb,,41,1.984,1.33,us,us1000h3r4,2018-09-28T10:58:53.040Z,"24km N of Palu, Indonesia",earthquake,6,1.8,0.063,85,reviewed,us,us
2018-09-28T10:25:04.440Z,-1.0625,119.9609,10,5.8,mb,,40,2.309,1.27,us,us1000h3pn,2018-09-28T12:27:38.671Z,"21km SSE of Palu, Indonesia",earthquake,4.7,1.8,0.063,92,reviewed,us,us
2018-09-28T10:16:49.140Z,-0.8871,120.027,10,5.7,mb,,48,2.123,0.67,us,us1000h3rc,2018-09-28T12:19:06.006Z,"17km E of Palu, Indonesia",earthquake,5.9,1.8,0.071,71,reviewed,us,us
2018-09-28T10:14:20.450Z,0.0023,119.7561,10,5.8,mb,,41,1.504,1.45,us,us1000h3p8,2018-09-28T12:16:34.637Z,"99km N of Palu, Indonesia",earthquake,5.8,1.8,0.06,101,reviewed,us,us
2018-09-28T10:02:43.480Z,-0.1781,119.8401,10,7.5,mww,,27,1.589,1.27,us,us1000h3p4,2018-10-09T22:12:14.531Z,"78km N of Palu, Indonesia",earthquake,5.6,1.8,0.08,15,reviewed,us,us
2018-09-28T09:57:38.080Z,-0.2621,119.938,10,4.8,mb,,102,1.603,0.81,us,us1000h3q6,2018-09-28T10:45:41.040Z,"70km N of Palu, Indonesia",earthquake,6.7,1.5,0.138,16,reviewed,us,us
2018-09-28T09:20:38.950Z,0.8729,97.0153,35,4.6,mb,,142,0.705,1.01,us,us1000h3nt,2018-09-28T09:53:37.040Z,"191km SSE of Sinabang, Indonesia",earthquake,6.2,2,0.103,28,reviewed,us,us
2018-09-28T08:24:58.480Z,-0.3423,119.8708,10,5,mb,,61,1.707,0.62,us,us1000h3nd,2018-09-28T08:39:56.040Z,"60km N of Palu, Indonesia",earthquake,6,1.9,0.087,42,reviewed,us,us
2018-09-28T07:28:37.550Z,-0.3785,119.926,10,4.9,mb,,74,1.709,0.96,us,us1000h3mz,2018-09-28T08:01:27.788Z,"57km N of Palu, Indonesia",earthquake,6.1,1.9,0.099,32,reviewed,us,us
2018-09-28T07:19:47.750Z,54.5399,161.4422,54.92,4.9,mb,,106,7.697,0.8,us,us1000h3ms,2018-09-28T07:35:35.040Z,"199km SSW of Ust'-Kamchatsk Staryy, Russia",earthquake,7.6,5.3,0.035,251,reviewed,us,us
2018-09-28T07:06:40.070Z,-26.4839,67.6203,10,5.6,mb,,41,7.754,0.69,us,us1000h3ml,2018-09-28T17:29:25.040Z,"Indian Ocean Triple Junction",earthquake,9.4,1.8,0.071,71,reviewed,us,us
2018-09-28T07:03:18.440Z,-0.2058,120.0127,10,5.4,mb,,72,1.517,0.59,us,us1000h3n0,2018-09-28T07:47:50.040Z,"77km NNE of Palu, Indonesia",earthquake,6.5,0.9,0.111,28,reviewed,us,us
2018-09-28T07:00:01.950Z,-0.3976,119.7631,18.08,6.1,mww,,33,1.812,1.17,us,us1000h3mf,2018-09-28T18:16:30.933Z,"55km NNW of Palu, Indonesia",earthquake,6.1,4.1,0.071,19,reviewed,us,us
2018-09-28T06:21:54.840Z,-26.5159,67.599,10,5.5,mb,,41,7.772,0.96,us,us1000h3lz,2018-09-28T17:25:07.040Z,"Indian Ocean Triple Junction",earthquake,9.4,1.9,0.066,79,reviewed,us,us
2018-09-28T05:56:10.310Z,-26.5635,67.614,10,4.9,mb,,79,14.006,0.73,us,us1000h3nn,2018-09-28T09:17:01.040Z,"Indian Ocean Triple Junction",earthquake,12.9,1.8,0.093,36,reviewed,us,us
2018-09-28T02:44:08.980Z,-44.5062,-80.2769,10,4.5,mb,,209,4.983,0.75,us,us1000h3l2,2018-10-10T01:01:09.040Z,"Off the coast of Aisen, Chile",earthquake,5.7,2,0.192,8,reviewed,us,us
2018-09-28T01:06:10.270Z,52.9345,160.8526,9.44,4.7,mb,,147,1.334,1.38,us,us1000h3ki,2018-10-09T04:07:37.040Z,"148km E of Petropavlovsk-Kamchatskiy, Russia",earthquake,10.5,3.6,0.087,40,reviewed,us,us
2018-09-27T23:36:51.500Z,-7.4532,128.5127,154.42,4.5,mb,,65,2.81,1.03,us,us1000h3jr,2018-09-28T00:29:46.040Z,"Kepulauan Barat Daya, Indonesia",earthquake,7.1,8,0.093,34,reviewed,us,us
2018-09-27T22:25:43.970Z,-18.1652,-178.2429,540.2,5.5,mww,,34,3.55,1.1,us,us1000h3iv,2018-09-28T00:27:52.125Z,"279km N of Ndoi Island, Fiji",earthquake,8.8,6.4,0.073,18,reviewed,us,us
2018-09-27T22:00:21.110Z,-11.3478,-76.7084,44.89,4.8,mb,,100,0.649,0.76,us,us1000h3i7,2018-09-28T15:42:41.058Z,"55km N of Santa Eulalia, Peru",earthquake,7.2,8.6,0.049,127,reviewed,us,us
2018-09-27T21:13:19.690Z,34.1968,80.7091,10,5.1,mb,,29,6.209,0.7,us,us1000h3gn,2018-09-27T21:31:02.040Z,"131km NE of Rutog, China",earthquake,7.3,1.8,0.035,271,reviewed,us,us
2018-09-27T16:23:20.600Z,-22.5499,170.1635,10,4.9,mb,,103,2.511,1.03,us,us1000h3bk,2018-09-28T15:40:08.040Z,"194km W of Ile Hunter, New Caledonia",earthquake,7.2,1.8,0.061,84,reviewed,us,us
2018-09-27T15:53:32.790Z,-5.9279,154.7531,167.92,5.2,mww,,13,3.103,0.73,us,us1000h3a7,2018-09-28T14:40:11.040Z,"91km WNW of Panguna, Papua New Guinea",earthquake,8.2,4.2,0.073,18,reviewed,us,us
2018-09-27T11:45:54.220Z,26.9354,129.5048,10,4.6,mb,,131,1.105,0.55,us,us1000h382,2018-09-27T12:18:02.040Z,"156km ENE of Nago, Japan",earthquake,8,1.9,0.125,19,reviewed,us,us
2018-09-27T10:32:15.730Z,47.6379,154.0183,40.52,4.8,mb,,136,5.96,0.75,us,us1000h375,2018-09-27T10:54:33.040Z,"Kuril Islands",earthquake,10.2,7.5,0.079,49,reviewed,us,us
2018-09-27T10:25:47.600Z,-58.1943,-9.5822,10,5.7,mww,,67,13.815,0.68,us,us1000h36v,2018-09-27T18:04:39.040Z,"East of the South Sandwich Islands",earthquake,11.2,1.8,0.069,20,reviewed,us,us
2018-09-27T10:21:49.770Z,36.7747,21.3897,10,5.2,mb,,49,3.19,1.4,us,us1000h36s,2018-09-29T21:20:48.742Z,"28km W of Methoni, Greece",earthquake,6.7,1.9,0.037,246,reviewed,us,us
2018-09-27T07:53:01.860Z,-58.3979,-25.2045,10,4.9,mb,,132,7.501,0.86,us,us1000h35m,2018-09-27T08:08:49.040Z,"103km NE of Bristol Island, South Sandwich Islands",earthquake,11,1.9,0.09,39,reviewed,us,us
2018-09-27T05:55:09.890Z,51.4913,-178.4338,10,4.8,mb,,125,0.875,0.85,us,us1000h34x,2018-10-05T19:26:04.370Z,"48km SSW of Tanaga Volcano, Alaska",earthquake,9.8,1.9,0.03,338,reviewed,us,us
2018-09-27T05:29:00.750Z,-6.9032,131.1429,51.2,5.1,mb,,94,1.083,1.13,us,us1000h34s,2018-09-27T05:45:16.040Z,"117km N of Saumlaki, Indonesia",earthquake,4.9,7.1,0.073,61,reviewed,us,us
2018-09-27T04:44:31.260Z,10.4112,126.1873,35,5,mb,,98,3.374,0.99,us,us1000h34j,2018-09-27T05:45:12.040Z,"45km NNE of San Isidro, Philippines",earthquake,10.6,1.9,0.058,94,reviewed,us,us
2018-09-27T04:43:39.080Z,10.4689,126.082,62.7,4.7,mb,,106,3.413,0.51,us,us1000h34i,2018-09-27T06:00:36.040Z,"49km N of Santa Monica, Philippines",earthquake,10.4,8,0.067,68,reviewed,us,us
2018-09-27T02:37:00.790Z,-17.8506,168.4783,116.41,4.7,mb,,109,4.614,0.62,us,us1000h33k,2018-09-27T03:21:09.040Z,"21km SE of Port-Vila, Vanuatu",earthquake,5.6,7.6,0.068,65,reviewed,us,us
2018-09-26T21:53:15.500Z,-17.811,-178.1655,500.17,4.8,mb,,30,3.603,0.75,us,us1000h303,2018-09-26T22:18:27.040Z,"Fiji region",earthquake,10.3,6.2,0.045,154,reviewed,us,us
2018-09-26T21:36:42.480Z,-34.9665,-107.9777,10,5,mb,,157,29.281,0.84,us,us1000h301,2018-09-26T22:35:33.040Z,"Southern East Pacific Rise",earthquake,15,1.9,0.057,96,reviewed,us,us
2018-09-26T19:22:43.630Z,45.0342,149.112,101.07,4.5,mb,,177,4.746,0.46,us,us1000h2wr,2018-09-26T23:37:32.040Z,"99km ESE of Kuril'sk, Russia",earthquake,11.4,12.3,0.056,93,reviewed,us,us
2018-09-26T17:51:41.360Z,4.5421,97.8121,10,5.1,mww,,31,1.099,1.25,us,us1000h2u2,2018-09-26T19:19:53.711Z,"19km WNW of Langsa, Indonesia",earthquake,5.3,1.8,0.071,19,reviewed,us,us
2018-09-26T17:33:35.650Z,-34.9437,-107.6517,10,5,mb,,61,27.509,0.99,us,us1000h2tp,2018-09-27T17:59:51.040Z,"Southern East Pacific Rise",earthquake,13.7,1.8,0.048,140,reviewed,us,us
2018-09-26T15:42:54.880Z,-21.5022,-68.3868,116.31,4.5,mwr,,44,0.847,1.22,us,us2000hk75,2018-10-08T05:11:30.040Z,"120km NNE of Calama, Chile",earthquake,5.1,3.7,0.075,17,reviewed,us,us
2018-09-26T14:18:54.440Z,17.7583,-61.5262,30.71,4.6,mb,,191,0.262,0.55,us,us2000hk6l,2018-09-26T14:39:13.040Z,"33km ENE of Codrington, Barbuda",earthquake,3.1,8.4,0.274,4,reviewed,us,us
2018-09-26T10:21:05.220Z,-21.0605,-68.8356,159.06,4.5,mb,,67,1.351,1.09,us,us2000hk5w,2018-09-26T10:45:16.040Z,"156km N of Calama, Chile",earthquake,6.3,7.2,0.156,12,reviewed,us,us
2018-09-26T09:27:41.090Z,-0.7365,133.3292,22.48,5,mww,,41,2.422,0.81,us,us2000hk57,2018-09-26T09:48:24.040Z,"85km W of Manokwari, Indonesia",earthquake,8.1,4.6,0.078,16,reviewed,us,us
2018-09-26T07:50:46.780Z,44.2491,83.6665,10,4.7,mb,,61,2.722,1.15,us,us2000hk4a,2018-09-26T08:15:37.040Z,"94km W of Dushanzi, China",earthquake,5.8,1.9,0.108,26,reviewed,us,us
2018-09-26T01:08:08.690Z,8.2629,126.9329,10,4.6,mb,,111,1.79,1.24,us,us2000hk1y,2018-10-08T03:17:06.040Z,"56km ENE of Barcelona, Philippines",earthquake,10.2,1.9,0.07,62,reviewed,us,us
2018-09-26T00:51:10.090Z,-15.1789,167.4749,112.55,4.9,mb,,61,6.144,1.09,us,us2000hk1k,2018-10-08T02:52:54.040Z,"47km ESE of Port-Olry, Vanuatu",earthquake,9.4,5.8,0.059,91,reviewed,us,us
2018-09-26T00:37:33.170Z,-18.0181,-178.1053,568.67,5.8,mwb,,32,3.689,0.95,us,us2000hk13,2018-10-08T02:43:58.124Z,"297km NNE of Ndoi Island, Fiji",earthquake,9.7,3.9,0.051,37,reviewed,us,us
2018-09-25T22:56:47.370Z,-15.3832,-74.9536,51.72,5.2,mww,,131,3.842,0.89,us,us2000hjzl,2018-09-26T21:59:50.107Z,"25km SE of Minas de Marcona, Peru",earthquake,7.7,6.2,0.071,19,reviewed,us,us
2018-09-25T21:16:51.470Z,-4.8786,102.9717,63.58,4.7,mb,,163,0.514,0.69,us,us2000hjy5,2018-09-25T21:36:47.040Z,"89km W of Kuripan, Indonesia",earthquake,6.7,6.2,0.069,65,reviewed,us,us
2018-09-25T19:41:31.210Z,-33.1181,-179.1733,42.14,5,mb,,88,4.005,0.69,us,us2000hjwi,2018-09-27T14:51:34.040Z,"188km S of L'Esperance Rock, New Zealand",earthquake,5.4,8,0.113,25,reviewed,us,us
2018-09-25T18:29:47.320Z,-5.5857,142.1148,49.65,4.9,mb,,75,6.311,0.79,us,us2000hjuy,2018-09-27T14:20:28.040Z,"108km ENE of Kiunga, Papua New Guinea",earthquake,11.4,4.3,0.082,46,reviewed,us,us
2018-09-25T17:50:33.390Z,-22.9031,-179.4098,555.23,4.6,mb,,68,5.657,0.94,us,us2000hju6,2018-09-27T14:05:19.040Z,"260km SSW of Ndoi Island, Fiji",earthquake,10.3,6.8,0.052,112,reviewed,us,us
2018-09-25T16:06:02.650Z,13.1491,-81.1419,10,4.5,mb,,56,3.225,0.94,us,us2000hjsk,2018-10-02T15:21:20.040Z,"34km SE of Mountain, Colombia",earthquake,6.6,1.9,0.069,61,reviewed,us,us
2018-09-25T15:37:14.720Z,13.1504,-81.1488,6.54,4.7,mb,,46,0.306,0.72,us,us2000hjs8,2018-10-02T15:19:52.040Z,"33km SE of Mountain, Colombia",earthquake,4.7,4.9,0.038,213,reviewed,us,us
2018-09-25T09:20:58.440Z,-18.6694,65.1637,10,4.8,mb,,52,2.009,0.71,us,us2000hjne,2018-09-25T09:42:35.040Z,"215km ENE of Port Mathurin, Mauritius",earthquake,9.6,1.9,0.075,55,reviewed,us,us
2018-09-25T08:53:40.080Z,48.1944,155.0938,35,5.1,mb,,82,5.191,1.09,us,us2000hjmx,2018-10-07T06:28:45.040Z,"286km SSW of Severo-Kuril'sk, Russia",earthquake,8.8,1.9,0.037,243,reviewed,us,us
2018-09-25T04:12:03.320Z,9.879,126.2929,21.17,4.5,mb,,142,2.879,1.18,us,us2000hjxm,2018-09-25T21:17:10.931Z,"18km NE of General Luna, Philippines",earthquake,7.2,6.5,0.104,27,reviewed,us,us
2018-09-25T03:31:01.100Z,38.7348,142.2314,33.08,4.8,mb,,135,1.426,0.96,us,us2000hjkw,2018-09-25T20:48:57.284Z,"58km SE of Ofunato, Japan",earthquake,7.5,5.5,0.057,95,reviewed,us,us
2018-09-25T02:16:35.850Z,10.3338,126.225,132.86,4.8,mb,,142,3.305,0.86,us,us2000hjkk,2018-09-25T02:33:00.040Z,"38km NNE of San Isidro, Philippines",earthquake,11.2,8,0.091,37,reviewed,us,us
2018-09-24T23:50:29.720Z,-24.3626,-175.4491,10,4.8,mb,,77,7.349,1.15,us,us2000hjk4,2018-09-25T00:17:26.040Z,"South of Tonga",earthquake,9.6,1.9,0.064,76,reviewed,us,us
2018-09-24T17:53:41.030Z,-6.0966,107.0202,234.9,4.5,mb,,96,3.527,1.38,us,us2000hjdb,2018-09-28T15:43:22.378Z,"15km NNE of Bekasi, Indonesia",earthquake,9.5,11.6,0.221,8,reviewed,us,us
2018-09-24T17:13:10.610Z,-60.6106,-25.5862,10,5.4,mb,,73,8.638,1.12,us,us2000hjd3,2018-09-25T15:56:32.040Z,"183km SSE of Bristol Island, South Sandwich Islands",earthquake,6.2,1.8,0.073,65,reviewed,us,us
2018-09-24T15:55:03.370Z,-5.979,148.4629,50.66,4.5,mb,,75,3.64,0.49,us,us1000h3vz,2018-10-01T20:29:29.040Z,"95km NE of Finschhafen, Papua New Guinea",earthquake,8.3,7.2,0.094,33,reviewed,us,us
2018-09-24T15:44:05.540Z,10.3327,126.2304,24.03,4.5,mb,,199,3.305,0.65,us,us1000h3vr,2018-10-01T20:14:33.040Z,"38km NNE of San Isidro, Philippines",earthquake,15.2,8.9,0.145,14,reviewed,us,us
2018-09-24T15:04:17.010Z,-17.8007,-178.1618,608.64,4.5,mb,,157,3.607,0.76,us,us1000h3vq,2018-10-01T19:46:24.040Z,"Fiji region",earthquake,19.3,13.7,0.094,33,reviewed,us,us
2018-09-24T14:25:21.060Z,25.0248,125.6729,57.04,4.7,mb,,116,2.482,0.48,us,us2000hjc4,2018-10-01T18:44:59.040Z,"46km ENE of Hirara, Japan",earthquake,9.5,9.3,0.084,43,reviewed,us,us
2018-09-24T13:23:38.520Z,-3.8017,139.3911,55.06,4.6,mb,,57,7.183,1.07,us,us2000hjbb,2018-10-01T13:14:06.040Z,"185km SW of Abepura, Indonesia",earthquake,9.9,8.4,0.095,33,reviewed,us,us
2018-09-24T07:51:04.850Z,-15.7491,-175.3438,10,4.9,mb,,62,3.904,1.5,us,us2000hj9d,2018-09-24T08:38:00.040Z,"172km W of Hihifo, Tonga",earthquake,10.7,1.8,0.047,144,reviewed,us,us
2018-09-24T03:42:21.200Z,-6.3192,145.7717,117.58,5,mb,,26,3.359,1.1,us,us2000hj7b,2018-10-05T04:40:19.929Z,"10km WSW of Kainantu, Papua New Guinea",earthquake,8.4,5,0.042,181,reviewed,us,us
2018-09-24T02:48:04.830Z,-17.9538,-178.2803,517.76,4.5,mb,,126,3.498,0.99,us,us1000h3vb,2018-10-05T03:47:25.040Z,"Fiji region",earthquake,16,14,0.15,13,reviewed,us,us
2018-09-24T00:39:55.220Z,11.2015,-86.8409,10,4.8,mwr,,80,1.298,0.85,us,us2000hj64,2018-10-08T05:38:24.040Z,"73km SSW of Masachapa, Nicaragua",earthquake,6.1,1.7,0.083,14,reviewed,us,us
2018-09-23T22:06:53.330Z,-16.647,-173.7924,107.97,4.5,mb,,102,3.345,0.92,us,us2000hj4x,2018-09-23T22:26:19.040Z,"77km S of Hihifo, Tonga",earthquake,11.3,3.1,0.059,84,reviewed,us,us
2018-09-23T19:54:31.530Z,-17.6329,-179.8051,611.15,4.9,mb,,83,2.045,0.84,us,us2000hj34,2018-09-23T20:09:39.040Z,"159km SSE of Lambasa, Fiji",earthquake,10.7,8.2,0.084,45,reviewed,us,us
2018-09-23T19:06:29.820Z,-21.12,-68.8285,122.48,5,mb,,52,0.62,1.37,us,us2000hj2n,2018-09-24T11:30:22.147Z,"149km N of Calama, Chile",earthquake,5.9,6.7,0.146,15,reviewed,us,us
2018-09-23T17:05:26.870Z,-21.9486,-176.4335,137.68,4.6,mb,,106,6.734,0.64,us,us2000hj1t,2018-09-23T19:40:29.040Z,"152km WSW of Vaini, Tonga",earthquake,13.2,7.4,0.09,37,reviewed,us,us
2018-09-23T15:43:26.500Z,-23.5046,179.3381,540.93,4.7,mb,,61,5.855,0.89,us,us1000h3tz,2018-09-30T19:10:52.040Z,"South of the Fiji Islands",earthquake,12.4,9.8,0.088,39,reviewed,us,us
2018-09-23T15:05:34.540Z,36.4966,140.6655,53.8,4.6,mb,,137,1.373,0.9,us,us2000hj04,2018-09-30T18:28:55.138Z,"9km ENE of Funaishikawa, Japan",earthquake,6.9,6.8,0.086,41,reviewed,us,us
2018-09-23T15:05:06.600Z,37.4186,72.2617,204.88,4.6,mb,,82,0.491,0.95,us,us2000hj03,2018-09-30T18:27:21.040Z,"42km ENE of Roshtqal'a, Tajikistan",earthquake,7.8,6.5,0.314,4,reviewed,us,us
2018-09-23T14:59:52.440Z,-24.1709,-175.5201,10,5.1,mb,,112,5.493,1.42,us,us2000hj0l,2018-09-30T18:19:51.040Z,"South of Tonga",earthquake,7.9,1.8,0.093,37,reviewed,us,us
2018-09-23T13:29:50.500Z,35.2249,141.1966,26.58,4.8,mb,,137,2.396,0.65,us,us2000hizb,2018-09-30T17:51:38.836Z,"65km SSE of Hasaki, Japan",earthquake,6.8,5.7,0.116,23,reviewed,us,us
2018-09-23T13:22:04.170Z,42.4393,123.5732,10,4.7,mb,,85,4.888,1.34,us,us1000h3ty,2018-09-30T17:42:57.040Z,"23km SSW of Guyushu, China",earthquake,9.3,1.9,0.195,11,reviewed,us,us
2018-09-23T10:57:31.970Z,0.849,98.6214,65.24,4.6,mb,,113,1.139,0.94,us,us2000hiye,2018-10-01T06:01:15.040Z,"91km SW of Padangsidempuan, Indonesia",earthquake,7.3,7.7,0.085,41,reviewed,us,us
2018-09-23T10:55:23.290Z,-55.9299,-27.6759,109.5,4.5,mb,,79,5.321,0.64,us,us1000h3u0,2018-10-01T05:59:57.040Z,"90km NNW of Visokoi Island, South Georgia and the South Sandwich Islands",earthquake,14.5,8.2,0.14,15,reviewed,us,us
2018-09-23T09:54:59.870Z,-64.7117,177.1209,10,4.5,mb,,145,13.575,0.38,us,us1000h3tx,2018-10-01T05:55:12.040Z,"Balleny Islands region",earthquake,16.7,1.9,0.18,9,reviewed,us,us
2018-09-23T09:44:45.890Z,-16.7853,-174.2464,32.1,4.5,mb,,80,3.721,0.45,us,us1000h3ts,2018-10-01T05:52:17.040Z,"106km SSW of Hihifo, Tonga",earthquake,12.5,2.8,0.157,12,reviewed,us,us
2018-09-23T07:32:48.720Z,-25.253,-177.7054,181.32,4.5,mb,,100,3.981,0.89,us,us2000hixi,2018-09-23T09:11:46.040Z,"South of the Fiji Islands",earthquake,10.5,7.7,0.113,23,reviewed,us,us
2018-09-23T05:52:11.500Z,12.2161,146.2433,10,5.9,mww,,25,1.913,1.06,us,us2000hiwb,2018-10-01T16:05:13.040Z,"200km SE of Inarajan Village, Guam",earthquake,7.5,1.8,0.058,29,reviewed,us,us
2018-09-23T05:45:50.010Z,19.7079,-71.2905,14.02,5.2,mww,,36,0.722,1.38,us,us2000hiw5,2018-09-25T13:22:53.456Z,"3km NW of Villa Elisa, Dominican Republic",earthquake,5.4,4.3,0.073,18,reviewed,us,us
2018-09-23T05:39:57.740Z,-49.2579,120.541,10,5.1,mb,,134,16.501,0.83,us,us2000hiw3,2018-09-23T05:55:23.040Z,"Western Indian-Antarctic Ridge",earthquake,6.7,1.9,0.085,45,reviewed,us,us
2018-09-23T05:32:11.250Z,-24.3368,-70.0356,55.69,5.4,mww,,89,0.442,1.22,us,us2000hivv,2018-09-24T03:09:11.852Z,"84km SSE of Antofagasta, Chile",earthquake,6.8,5.4,0.068,21,reviewed,us,us
2018-09-23T05:22:59.500Z,29.5052,52.0973,10,4.7,mb,,65,5.83,0.8,us,us2000hivr,2018-09-23T05:59:05.040Z,"44km WSW of Shiraz, Iran",earthquake,7.4,1.9,0.059,88,reviewed,us,us
2018-09-23T04:37:46.160Z,13.1107,-81.1464,10,4.6,mb,,46,0.338,1.23,us,us2000hive,2018-10-04T23:16:02.040Z,"37km SE of Mountain, Colombia",earthquake,7.4,1.9,0.047,135,reviewed,us,us
2018-09-23T03:09:38.810Z,0.4874,126.3356,35,5.2,mww,,33,1.069,1.04,us,us2000hiv7,2018-09-23T03:26:43.040Z,"119km WSW of Kota Ternate, Indonesia",earthquake,6.1,2,0.073,18,reviewed,us,us
2018-09-22T22:45:11.310Z,-9.09,158.1839,10,4.7,mb,,52,1.775,0.52,us,us2000hits,2018-10-10T02:59:55.040Z,"148km SW of Dadali, Solomon Islands",earthquake,9.5,1.9,0.092,36,reviewed,us,us
2018-09-22T22:34:44.020Z,36.7451,53.0728,10,4.7,mb,,62,6.248,0.85,us,us2000hiti,2018-10-10T02:32:43.226Z,"18km NE of Juybar, Iran",earthquake,8.1,1.9,0.072,59,reviewed,us,us
2018-09-22T19:16:52.970Z,-6.698,130.4784,80.08,5,mb,,40,1.513,0.86,us,us2000hirs,2018-10-09T03:24:57.040Z,"166km NNW of Saumlaki, Indonesia",earthquake,6.7,3.7,0.069,67,reviewed,us,us
2018-09-22T18:35:36.450Z,-21.3268,-173.8924,10,5.1,mb,,80,4.345,1.29,us,us2000hirf,2018-09-25T16:15:36.040Z,"109km E of `Ohonua, Tonga",earthquake,8.1,1.7,0.045,162,reviewed,us,us
2018-09-22T13:13:58.030Z,-25.8955,-71.031,28.99,5.4,mww,,109,0.463,1.34,us,us2000hin5,2018-09-23T06:29:11.555Z,"77km SW of Taltal, Chile",earthquake,5.8,4.7,0.069,20,reviewed,us,us
2018-09-22T12:08:16.890Z,-0.9417,119.7522,10,4.6,mb,,87,2.284,1.2,us,us2000himm,2018-09-29T12:43:57.040Z,"14km WSW of Palu, Indonesia",earthquake,6.6,1.9,0.102,29,reviewed,us,us
2018-09-22T11:35:31.390Z,-22.6941,170.7674,10,4.8,mb,,124,3.068,1.49,us,us1000h3q8,2018-09-29T12:04:56.040Z,"135km WSW of Ile Hunter, New Caledonia",earthquake,11.1,1.9,0.119,22,reviewed,us,us
2018-09-22T10:58:01.810Z,26.6998,129.6778,10,5.3,mww,,37,1.263,0.81,us,us2000him5,2018-09-22T11:16:15.040Z,"169km E of Nago, Japan",earthquake,6.7,1.8,0.073,18,reviewed,us,us
2018-09-22T09:58:25.170Z,-4.4308,138.549,157.46,4.5,mb,,76,6.464,0.8,us,us2000hilu,2018-09-22T10:15:11.040Z,"250km ESE of Enarotali, Indonesia",earthquake,9.3,8.9,0.078,49,reviewed,us,us
2018-09-22T08:42:31.770Z,-7.0584,-12.8459,10,5,mb,,35,1.734,0.92,us,us2000hilf,2018-09-22T08:57:54.040Z,"198km ENE of Georgetown, Saint Helena",earthquake,8.8,1.9,0.086,43,reviewed,us,us
2018-09-22T08:42:07.440Z,45.1969,150.5517,46.31,4.6,mb,,196,5.699,0.8,us,us2000hilm,2018-09-22T13:11:24.040Z,"209km E of Kuril'sk, Russia",earthquake,6.6,12.2,0.125,19,reviewed,us,us
2018-09-22T08:35:14.670Z,45.1707,150.5429,45.29,5,mb,,135,5.703,0.54,us,us2000hila,2018-09-22T08:52:51.040Z,"209km E of Kuril'sk, Russia",earthquake,9.4,7.5,0.054,109,reviewed,us,us
2018-09-22T06:33:11.110Z,-8.1346,130.3782,36.62,4.9,mb,,53,0.924,0.71,us,us2000hikd,2018-09-22T06:57:15.040Z,"105km WSW of Saumlaki, Indonesia",earthquake,7.8,8.7,0.085,43,reviewed,us,us
2018-09-22T03:11:56.430Z,51.6536,-177.217,55.71,4.5,mb,,121,0.202,0.73,us,us2000hij6,2018-10-09T01:49:35.040Z,"46km WSW of Adak, Alaska",earthquake,6.6,5.9,0.052,109,reviewed,us,us
2018-09-22T00:00:30.700Z,14.7849,146.2926,64.03,4.6,mb,,105,0.665,1.07,us,us2000hihl,2018-10-08T04:05:31.040Z,"74km SE of Saipan, Northern Mariana Islands",earthquake,10.1,7.5,0.093,34,reviewed,us,us
2018-09-21T23:20:34.330Z,-0.9069,119.7338,27.94,4.8,mwr,,56,2.262,0.87,us,us2000hih9,2018-10-06T23:58:14.495Z,"15km W of Palu, Indonesia",earthquake,5.8,5.4,0.098,10,reviewed,us,us
2018-09-21T19:07:55.970Z,-55.0387,-33.4359,14.94,4.5,mb,,118,1.927,1.17,us,us1000h3cz,2018-10-10T15:24:43.040Z,"215km ESE of Grytviken, South Georgia and the South Sandwich Islands",earthquake,12.8,1.8,0.124,19,reviewed,us,us
2018-09-21T16:07:04.730Z,-26.0168,-177.4412,10,4.8,mb,,126,3.244,1.37,us,us2000hib7,2018-09-21T20:37:29.040Z,"South of the Fiji Islands",earthquake,8.2,1.9,0.103,30,reviewed,us,us
2018-09-21T12:49:28.840Z,2.4156,-95.4785,10,5.7,mww,,148,6.03,0.98,us,us2000hi48,2018-09-21T21:26:41.040Z,"Galapagos Islands, Ecuador region",earthquake,10.5,1.9,0.069,20,reviewed,us,us
2018-09-21T04:48:56.280Z,-6.3418,-107.0491,10,4.5,mb,,160,27.438,0.86,us,us1000h3cb,2018-10-09T03:01:42.040Z,"Central East Pacific Rise",earthquake,19.6,1.9,0.094,33,reviewed,us,us
2018-09-21T03:41:41.530Z,-17.8343,-179.88,638.64,5.7,mwb,,37,1.971,1.18,us,us2000hhzr,2018-09-28T05:31:11.764Z,"175km SSE of Lambasa, Fiji",earthquake,9.6,6.1,0.056,31,reviewed,us,us
2018-09-21T03:40:40.640Z,-17.9094,-179.9494,652.72,5.9,mww,,19,1.91,1.02,us,us2000hhzn,2018-09-28T05:26:41.134Z,"172km E of Suva, Fiji",earthquake,10,3.6,0.089,12,reviewed,us,us
2018-09-21T02:07:28.320Z,13.0831,-81.086,10,4.6,mb,,54,3.259,1.08,us,us2000hhz5,2018-10-04T22:07:13.040Z,"43km SE of Mountain, Colombia",earthquake,4.1,1.9,0.057,93,reviewed,us,us
2018-09-21T02:04:06.040Z,-22.0216,169.6884,10,4.6,mb,,255,2.157,0.87,us,us1000h3c9,2018-10-04T22:05:03.040Z,"193km ESE of Tadine, New Caledonia",earthquake,13.8,2,0.172,11,reviewed,us,us
2018-09-21T01:51:58.500Z,29.3746,104.5266,10,4.5,mb,,173,4.409,0.71,us,us1000h3c0,2018-10-04T21:59:57.040Z,"14km SE of Xuyang, China",earthquake,9.4,1.9,0.121,20,reviewed,us,us
2018-09-21T00:25:39.840Z,-16.0628,168.1287,31.25,4.9,mb,,61,5.765,0.93,us,us2000hhyc,2018-10-08T03:55:35.040Z,"76km E of Lakatoro, Vanuatu",earthquake,6.4,5.2,0.034,277,reviewed,us,us
2018-09-20T23:06:02.840Z,26.7341,129.6486,10,4.6,mb,,82,1.234,0.65,us,us2000hhxa,2018-10-08T03:39:55.040Z,"167km E of Nago, Japan",earthquake,5.5,1.3,0.098,31,reviewed,us,us
2018-09-20T22:30:17.170Z,14.8613,-93.7272,56.95,4.6,mb,,145,1.994,0.66,us,us2000hhw1,2018-10-08T03:38:11.040Z,"107km SSW of Pijijiapan, Mexico",earthquake,7.6,8.5,0.028,373,reviewed,us,us
2018-09-20T17:01:06.180Z,-10.8873,123.9522,10,4.5,mb,,94,1.166,1.75,us,us2000hhpg,2018-09-20T18:17:34.040Z,"89km SSE of Kupang, Indonesia",earthquake,7.6,0.7,0.171,10,reviewed,us,us
2018-09-20T15:24:55.880Z,-50.296,112.4775,10,4.6,mb,,181,31.389,0.85,us,us1000h3ah,2018-10-08T22:06:14.040Z,"Southeast Indian Ridge",earthquake,18.2,1.9,0.206,9,reviewed,us,us
2018-09-20T15:23:36.690Z,-7.7706,154.6263,10,4.7,mb,,81,4.317,1.09,us,us2000hhmn,2018-10-08T21:59:33.040Z,"186km SSW of Panguna, Papua New Guinea",earthquake,9.4,1.9,0.081,47,reviewed,us,us
2018-09-20T14:57:27.970Z,26.7355,129.6894,16.85,4.6,mb,,95,1.27,1.4,us,us2000hhlf,2018-09-20T15:26:27.040Z,"171km E of Nago, Japan",earthquake,4.7,5.5,0.172,10,reviewed,us,us
2018-09-20T14:04:37.480Z,-34.7565,-16.0787,10,5.1,mb,,68,3.827,0.69,us,us2000hhjz,2018-09-20T20:43:43.040Z,"Southern Mid-Atlantic Ridge",earthquake,7.7,1.9,0.102,31,reviewed,us,us
2018-09-20T13:44:20.710Z,-34.2804,-179.0218,10,4.7,mb,,138,3.927,0.74,us,us2000hhjs,2018-09-20T14:10:05.040Z,"South of the Kermadec Islands",earthquake,11.5,1.9,0.142,16,reviewed,us,us
2018-09-20T09:21:18.650Z,14.6986,-93.7185,10,5.4,mww,,132,1.966,1.29,us,us2000hhh4,2018-09-20T15:01:59.040Z,"119km SW of Mapastepec, Mexico",earthquake,7.7,1.9,0.056,31,reviewed,us,us
2018-09-20T08:45:18.620Z,-14.8837,-75.8018,24.35,4.5,mb,,156,3.051,0.95,us,us2000hhgs,2018-09-20T18:03:58.036Z,"76km WSW of Palpa, Peru",earthquake,10.1,6.4,0.093,34,reviewed,us,us
2018-09-20T07:44:26.000Z,39.8886,143.1433,33.37,4.6,mb,,129,1.825,0.68,us,us2000hhga,2018-09-20T07:59:26.040Z,"105km ENE of Miyako, Japan",earthquake,7.7,5.8,0.066,68,reviewed,us,us
2018-09-20T07:05:26.700Z,-6.5013,152.6617,10,5.4,mb,,47,2.347,0.43,us,us2000hhg1,2018-09-20T15:03:31.040Z,"228km S of Taron, Papua New Guinea",earthquake,7.9,1.9,0.058,102,reviewed,us,us
2018-09-20T06:45:01.020Z,-9.0604,158.2148,10,5.1,mb,,48,1.751,1.08,us,us2000hhfx,2018-09-20T07:03:44.040Z,"143km SW of Dadali, Solomon Islands",earthquake,8.5,1.8,0.056,105,reviewed,us,us
2018-09-20T06:13:58.790Z,-9.038,158.2052,10,4.9,mb,,48,1.765,0.58,us,us2000hhfs,2018-09-20T06:30:00.040Z,"142km SW of Dadali, Solomon Islands",earthquake,8.3,1.8,0.096,34,reviewed,us,us
2018-09-20T05:47:37.310Z,-9.0038,158.3121,10,5.5,mb,,32,1.671,0.94,us,us2000hhfi,2018-09-21T03:14:15.040Z,"132km SW of Dadali, Solomon Islands",earthquake,4.7,1.9,0.036,271,reviewed,us,us
2018-09-20T04:55:33.020Z,17.0154,145.7855,209.23,5.4,mb,,75,1.764,1.01,us,us2000hheu,2018-09-20T16:45:36.828Z,"73km N of Anatahan, Northern Mariana Islands",earthquake,10.8,9.2,0.084,48,reviewed,us,us
2018-09-20T04:10:02.540Z,11.1577,56.7069,10,4.6,mb,,67,13.722,0.95,us,us2000hheh,2018-09-20T04:44:57.040Z,"Socotra region",earthquake,7.7,1.9,0.09,37,reviewed,us,us
2018-09-20T02:36:42.190Z,4.4698,127.8316,127.64,5.1,mb,,94,3.419,0.92,us,us2000hhe6,2018-09-20T02:52:38.040Z,"278km SE of Pondaguitan, Philippines",earthquake,7.8,7.2,0.062,85,reviewed,us,us
2018-09-19T18:42:21.520Z,-19.5396,-70.4182,64.02,5,mww,,136,0.775,0.59,us,us2000hh8t,2018-09-19T23:16:14.040Z,"80km NNW of Iquique, Chile",earthquake,6.2,6.5,0.071,19,reviewed,us,us
2018-09-19T14:02:18.940Z,-22.3944,-66.0981,269.67,4.5,mb,,47,2,1.05,us,us2000hh3i,2018-09-20T07:08:11.040Z,"54km NW of Abra Pampa, Argentina",earthquake,7.9,8.1,0.145,14,reviewed,us,us
2018-09-19T13:42:02.900Z,-21.0804,-68.5668,135.63,4.6,mb,,83,0.95,0.93,us,us2000hh3b,2018-09-20T06:52:15.040Z,"158km NNE of Calama, Chile",earthquake,6.3,7.7,0.152,13,reviewed,us,us
2018-09-19T08:53:14.600Z,10.4759,57.0225,10,5.4,mb,,70,13.957,1.47,us,us2000hh11,2018-09-19T09:13:50.040Z,"Carlsberg Ridge",earthquake,9.7,1.8,0.048,145,reviewed,us,us
2018-09-19T00:59:28.620Z,12.468,-87.0715,133.36,4.5,mb,,134,0.227,0.81,us,us2000hgxx,2018-10-04T22:05:12.040Z,"11km E of Corinto, Nicaragua",earthquake,7.4,4.4,0.048,129,reviewed,us,us
2018-09-18T23:44:08.620Z,-56.3165,-27.3489,98.46,4.8,mb,,82,5.604,0.72,us,us2000hgwf,2018-10-04T03:13:46.040Z,"43km NNW of Visokoi Island, South Georgia and the South Sandwich Islands",earthquake,11.7,5.4,0.09,38,reviewed,us,us
2018-09-18T23:37:08.940Z,-12.7692,45.4184,10,4.6,mb,,57,6.014,0.9,us,us2000hgw5,2018-10-04T02:53:51.040Z,"15km E of Pamandzi, Mayotte",earthquake,3.9,1.9,0.098,31,reviewed,us,us
2018-09-18T20:58:23.130Z,-27.9492,-176.7961,32.42,5,mb,,63,1.63,0.97,us,us2000hgsw,2018-10-08T21:55:34.040Z,"181km NE of Raoul Island, New Zealand",earthquake,10.5,4.4,0.065,74,reviewed,us,us
2018-09-18T19:07:11.910Z,51.4433,174.2943,10,4.5,mb,,103,1.293,0.61,us,us2000hghe,2018-10-08T21:20:46.040Z,"143km S of Shemya Island, Alaska",earthquake,9.8,1.9,0.037,215,reviewed,us,us
2018-09-18T18:09:13.680Z,-26.4967,27.3971,5,4.5,mb,,73,2.193,0.71,us,us2000hjta,2018-10-08T20:59:21.040Z,"9km W of Fochville, South Africa",earthquake,4.6,1.9,0.191,8,reviewed,us,us
2018-09-18T16:54:28.660Z,35.7288,141.9027,8.38,4.7,mb,,141,2.315,0.54,us,us2000hgfj,2018-09-26T15:36:10.040Z,"96km E of Hasaki, Japan",earthquake,7.6,5.2,0.101,30,reviewed,us,us
2018-09-18T16:21:49.100Z,38.4621,141.5577,56.52,5.1,mww,,108,0.846,0.71,us,us2000hgf5,2018-09-26T15:13:48.415Z,"23km ENE of Ishinomaki, Japan",earthquake,5.8,5.4,0.057,30,reviewed,us,us
2018-09-18T12:40:56.960Z,69.5136,-144.1598,10.8,5.1,ml,,,,0.67,ak,ak20257361,2018-09-19T22:04:29.040Z,"64km SSW of Kaktovik, Alaska",earthquake,,0.4,,,reviewed,ak,ak
2018-09-18T12:38:35.590Z,-20.5219,-178.2224,516.46,5.5,mww,,47,4.475,0.92,us,us2000hgcm,2018-09-18T16:17:52.040Z,"51km ENE of Ndoi Island, Fiji",earthquake,10.1,5.4,0.071,19,reviewed,us,us
2018-09-18T11:57:52.040Z,-8.3287,157.2172,10,5.8,mww,,26,2.914,1.02,us,us2000hgcc,2018-10-08T23:54:08.843Z,"48km ESE of Gizo, Solomon Islands",earthquake,7.6,1.9,0.073,18,reviewed,us,us
2018-09-18T10:57:50.010Z,-37.8692,49.9248,10,4.9,mb,,45,13.097,0.85,us,us2000hgc3,2018-09-18T11:28:49.040Z,"Southwest Indian Ridge",earthquake,11.7,1.9,0.088,48,reviewed,us,us
2018-09-18T09:25:29.590Z,-7.4354,125.777,10,5.2,mb,,38,2.746,1.17,us,us2000hgb0,2018-09-18T09:55:31.040Z,"126km N of Dili, East Timor",earthquake,7.7,1.8,0.058,97,reviewed,us,us
2018-09-18T09:24:16.830Z,-30.0669,-177.7194,64.32,5.2,mb,,83,0.839,1.03,us,us2000hgax,2018-09-18T09:44:13.040Z,"90km S of Raoul Island, New Zealand",earthquake,5,7,0.055,108,reviewed,us,us
2018-09-18T08:11:11.290Z,36.0211,139.7672,83.53,4.6,mb,,115,1.367,0.85,us,us2000hgaa,2018-09-29T11:34:04.777Z,"3km ESE of Sugito, Japan",earthquake,4.2,6.6,0.054,104,reviewed,us,us
2018-09-18T07:33:41.950Z,5.341,96.3888,47.1,4.7,mb,,83,0.567,0.58,us,us2000hg9g,2018-09-29T07:16:23.040Z,"18km NE of Reuleuet, Indonesia",earthquake,5.1,7.9,0.127,19,reviewed,us,us
2018-09-18T07:28:08.140Z,-24.637,-175.0735,10,4.7,mb,,98,5.249,1.34,us,us2000hg9e,2018-09-29T07:12:55.040Z,"South of Tonga",earthquake,6.2,2,0.153,13,reviewed,us,us
2018-09-18T07:27:41.330Z,-37.811,49.782,10,6,mww,,22,8.749,1.04,us,us2000hg93,2018-09-29T07:42:38.458Z,"Southwest Indian Ridge",earthquake,4.8,1.7,0.047,43,reviewed,us,us
2018-09-18T07:27:16.260Z,-8.2649,116.2794,10,4.7,mb,,68,2.114,1.28,us,us2000hg94,2018-09-29T07:08:46.314Z,"2km ESE of Lokokrangan, Indonesia",earthquake,5.4,1.9,0.12,21,reviewed,us,us
2018-09-18T07:24:41.060Z,-24.4279,-175.2542,10,5.1,mb,,92,5.359,0.89,us,us2000hg99,2018-09-29T06:57:20.040Z,"South of Tonga",earthquake,9.3,1.9,0.142,16,reviewed,us,us
2018-09-18T05:04:18.910Z,34.6418,24.5011,10,4.5,mb,,149,0.719,1.21,us,us2000hg83,2018-09-18T05:26:31.040Z,"53km SSW of Tympakion, Greece",earthquake,6.2,1.9,0.102,28,reviewed,us,us
2018-09-18T02:03:55.470Z,-6.3499,147.6778,35.66,5.1,mb,,68,3.078,0.89,us,us2000hg6v,2018-09-18T03:12:38.829Z,"34km NW of Finschhafen, Papua New Guinea",earthquake,9,8.5,0.104,30,reviewed,us,us
2018-09-18T01:36:22.260Z,-38.1771,176.3671,156.53,4.8,mb,,63,0.651,0.94,us,us2000hg6g,2018-09-18T02:12:40.850Z,"11km ESE of Rotorua, New Zealand",earthquake,5.7,5.7,0.124,20,reviewed,us,us
2018-09-17T23:00:39.470Z,-2.9666,138.7406,45.28,4.7,mb,,96,6.483,0.65,us,us2000hg4n,2018-10-08T03:02:41.040Z,"208km W of Abepura, Indonesia",earthquake,10.1,7.6,0.045,147,reviewed,us,us
2018-09-17T20:11:16.390Z,-7.0632,129.7047,145.23,4.6,mb,,58,1.825,0.99,us,us2000hg25,2018-09-19T19:02:49.040Z,"203km WNW of Saumlaki, Indonesia",earthquake,8,6.1,0.223,6,reviewed,us,us
2018-09-17T19:00:22.560Z,38.4765,70.5641,10,4.9,mb,,42,0.557,0.87,us,us2000hg0m,2018-09-23T06:04:58.197Z,"62km NE of Muminobod, Tajikistan",earthquake,4.2,1.9,0.042,177,reviewed,us,us
2018-09-17T16:29:16.920Z,-22.7645,-68.8136,117.97,4.5,mb,,81,0.175,0.64,us,us2000hfxa,2018-09-25T17:15:31.040Z,"35km SSE of Calama, Chile",earthquake,4.4,8.8,0.384,2,reviewed,us,us
2018-09-17T15:29:07.640Z,-10.4959,123.9199,10,4.6,mb,,81,0.811,0.59,us,us2000hjqt,2018-09-25T16:44:29.040Z,"51km SE of Kupang, Indonesia",earthquake,4.7,1.9,0.173,10,reviewed,us,us
2018-09-17T09:32:41.470Z,-25.2973,178.3953,577.66,5,mb,,29,7.522,1.39,us,us2000hfru,2018-09-17T09:57:33.040Z,"South of the Fiji Islands",earthquake,5.3,5,0.029,376,reviewed,us,us
2018-09-17T08:19:41.120Z,-9.4087,123.5447,93.7,4.6,mb,,76,0.791,1.11,us,us2000hfr7,2018-09-17T08:47:02.040Z,"32km NW of Naisano Dua, Indonesia",earthquake,5.2,7.6,0.109,25,reviewed,us,us
2018-09-17T05:47:43.630Z,-7.2381,117.4816,534.27,4.5,mb,,27,3.158,1.25,us,us2000hfq4,2018-09-30T07:38:40.247Z,"104km NNW of Labuhankananga, Indonesia",earthquake,6.6,5.5,0.074,54,reviewed,us,us
2018-09-17T04:53:14.650Z,47.1586,151.0298,160.07,4.5,mb,,130,5.654,0.74,us,us2000hfps,2018-10-04T02:18:40.040Z,"251km SE of Vostok, Russia",earthquake,9.5,7.2,0.033,263,reviewed,us,us
2018-09-17T02:32:09.860Z,26.7,129.6996,10,5,mb,,71,1.283,0.88,us,us2000hfp0,2018-10-04T01:21:11.040Z,"172km E of Nago, Japan",earthquake,4.2,1.8,0.043,172,reviewed,us,us
2018-09-17T02:26:26.640Z,26.7525,129.7408,10,4.5,mb,,88,1.315,0.8,us,us2000hjqc,2018-10-04T01:11:48.040Z,"176km E of Nago, Japan",earthquake,5.6,1.9,0.156,13,reviewed,us,us
2018-09-17T02:07:01.620Z,55.9563,163.244,40.64,4.5,mb,,104,3.976,0.84,us,us2000hfnl,2018-10-04T00:17:55.040Z,"56km ESE of Ust'-Kamchatsk Staryy, Russia",earthquake,9.2,6.1,0.055,97,reviewed,us,us
2018-09-17T02:01:39.170Z,-24.536,-175.5326,10,5.1,mb,,77,5.155,1.25,us,us2000hfnm,2018-10-04T00:03:32.040Z,"South of Tonga",earthquake,7.2,1.7,0.057,102,reviewed,us,us
2018-09-17T01:03:32.710Z,-19.4935,168.0419,10,4.5,mb,,242,1.482,1.32,us,us2000hjq0,2018-10-03T23:01:47.040Z,"128km W of Isangel, Vanuatu",earthquake,7,2,0.145,15,reviewed,us,us
2018-09-17T00:24:14.010Z,-15.3926,167.4971,117.29,5.3,mww,,53,5.361,0.99,us,us2000hfmc,2018-10-07T21:26:37.396Z,"38km ENE of Luganville, Vanuatu",earthquake,7.6,4.3,0.065,23,reviewed,us,us
2018-09-17T00:24:10.570Z,34.477,26.4844,22.96,4.9,mww,,42,1.203,0.65,us,us2000hfm5,2018-10-06T23:52:37.040Z,"79km SE of Makry Gialos, Greece",earthquake,6.1,4.6,0.103,9,reviewed,us,us
2018-09-17T00:08:23.270Z,-25.322,178.5306,581.29,4.7,mb,,65,5.019,1.18,us,us2000hflr,2018-10-07T21:41:56.040Z,"South of the Fiji Islands",earthquake,11.9,7.3,0.052,111,reviewed,us,us
2018-09-16T21:30:25.610Z,56.2882,-149.0245,18.89,4.5,mb,,142,2.455,0.75,us,us2000hfk6,2018-09-16T22:30:32.425Z,"264km SE of Kodiak, Alaska",earthquake,6.7,6.8,0.311,3,reviewed,us,us
2018-09-16T21:11:48.450Z,-25.4526,178.2198,569.97,6.5,mww,,40,7.671,1.07,us,us2000hfjk,2018-09-23T22:45:04.118Z,"South of the Fiji Islands",earthquake,9.8,6.1,0.073,18,reviewed,us,us
2018-09-16T20:20:54.940Z,6.5749,130.1497,10,4.9,mb,,120,4.565,0.79,us,us2000hfj7,2018-09-16T20:52:44.040Z,"Palau region",earthquake,9.1,1.9,0.072,61,reviewed,us,us
2018-09-16T17:51:29.100Z,42.6748,141.8671,13.47,4.8,mb,,70,1.161,0.78,us,us2000hfi7,2018-09-18T00:52:39.162Z,"22km E of Tomakomai, Japan",earthquake,6.2,4.9,0.07,63,reviewed,us,us
2018-09-16T16:04:27.530Z,5.7873,126.3024,132.35,4.5,mb,,108,1.462,0.78,us,us2000hicf,2018-09-23T17:22:38.040Z,"64km SSE of Pondaguitan, Philippines",earthquake,9.8,7.1,0.088,38,reviewed,us,us
2018-09-16T15:00:30.740Z,-14.6028,166.8071,35,5.3,mww,,109,6.154,0.75,us,us2000hfhb,2018-09-23T15:05:25.040Z,"55km NNW of Port-Olry, Vanuatu",earthquake,9.4,1.9,0.069,20,reviewed,us,us
2018-09-16T13:58:39.150Z,24.1515,143.464,10,4.5,mb,,166,18.781,0.67,us,us2000hic8,2018-09-23T14:56:55.040Z,"227km ESE of Iwo Jima, Japan",earthquake,9.7,2,0.27,7,reviewed,us,us
2018-09-16T13:32:25.780Z,-20.3503,-70.0282,45.79,4.9,mb,,96,0.125,0.64,us,us2000hfgv,2018-09-23T13:45:34.121Z,"18km SE of Iquique, Chile",earthquake,4.9,3.4,0.107,27,reviewed,us,us
2018-09-16T13:10:47.340Z,-18.0745,-177.9494,537.68,5.3,mww,,45,3.82,1.35,us,us2000hfgl,2018-09-23T13:23:35.040Z,"295km NNE of Ndoi Island, Fiji",earthquake,10.2,5.3,0.073,18,reviewed,us,us
2018-09-16T11:16:38.450Z,-10.3942,161.2292,79.54,4.6,mb,,103,1.58,0.61,us,us2000hffy,2018-09-23T13:03:19.040Z,"75km W of Kirakira, Solomon Islands",earthquake,7.7,6.6,0.092,35,reviewed,us,us
2018-09-16T10:52:37.540Z,26.7024,129.5769,10,4.8,mb,,87,1.173,0.61,us,us2000hicd,2018-09-23T12:55:52.040Z,"159km E of Nago, Japan",earthquake,2.5,1.9,0.097,33,reviewed,us,us
2018-09-16T09:45:03.240Z,-18.0285,-178.4817,557.76,4.5,mb,,193,3.312,0.7,us,us2000hiby,2018-09-23T12:39:17.040Z,"288km SE of Lambasa, Fiji",earthquake,15.2,8.4,0.104,27,reviewed,us,us
2018-09-16T06:54:33.790Z,-4.8925,102.9505,56.17,5,mb,,65,2.636,0.78,us,us2000hfdd,2018-09-16T07:12:24.040Z,"91km W of Kuripan, Indonesia",earthquake,6.7,5.5,0.063,82,reviewed,us,us
2018-09-16T04:56:25.680Z,-34.312,116.7708,10,5.3,mww,,42,1.434,1.27,us,us2000hfcw,2018-10-03T04:58:57.236Z,"57km E of Manjimup, Australia",earthquake,8.8,1.7,0.083,14,reviewed,us,us
2018-09-16T04:30:14.200Z,16.2384,-98.4345,10,4.7,mb,,159,0.332,0.84,us,us2000hfck,2018-10-09T22:37:34.466Z,"25km S of Cuajinicuilapa, Mexico",earthquake,3.4,1.9,0.028,380,reviewed,us,us
2018-09-16T02:52:42.630Z,-35.8277,-102.6337,10,4.7,mb,,59,10.405,0.62,us,us2000hict,2018-09-29T22:03:38.040Z,"Southeast of Easter Island",earthquake,11.5,1.9,0.08,47,reviewed,us,us
2018-09-16T00:36:06.490Z,-48.3746,107.2171,10,4.8,mb,,62,18.038,0.72,us,us2000hfbd,2018-10-06T04:44:54.040Z,"Southeast Indian Ridge",earthquake,12.7,1.8,0.119,22,reviewed,us,us
2018-09-16T00:03:26.210Z,6.3515,126.1814,144.27,4.7,mb,,92,0.931,0.78,us,us2000hfah,2018-10-06T03:52:40.040Z,"1km SSE of Pondaguitan, Philippines",earthquake,8.1,5.6,0.067,68,reviewed,us,us
2018-09-16T00:01:22.400Z,-34.724,-178.3949,10,4.7,mb,,195,3.891,1.23,us,us2000hfai,2018-10-06T04:00:43.040Z,"South of the Kermadec Islands",earthquake,7.1,1.9,0.175,10,reviewed,us,us
2018-09-15T23:10:02.750Z,-17.858,-178.1632,495.97,4.9,mb,,30,3.606,0.68,us,us2000hfa8,2018-10-06T03:36:42.040Z,"Fiji region",earthquake,10.4,5.8,0.049,129,reviewed,us,us
2018-09-15T21:33:41.060Z,-27.9162,74.3995,10,4.6,mb,,101,44.526,0.63,us,us2000hian,2018-10-06T01:19:23.040Z,"Mid-Indian Ridge",earthquake,15.8,1.9,0.114,23,reviewed,us,us
2018-09-15T19:19:14.300Z,6.2195,120.3065,10,4.7,mb,,125,5.096,0.47,us,us2000hf8k,2018-10-05T22:00:25.040Z,"28km W of Pandan Niog, Philippines",earthquake,11.1,1.9,0.09,37,reviewed,us,us
2018-09-15T18:39:07.430Z,35.3801,141.2864,29.41,4.5,mww,,123,0.798,0.94,us,us2000hf7s,2018-10-08T20:25:39.040Z,"56km SE of Hasaki, Japan",earthquake,5.8,5,0.127,6,reviewed,us,us
2018-09-15T18:34:37.190Z,26.7272,129.6934,21.88,4.6,mb,,90,1.274,1.03,us,us2000hiag,2018-10-08T20:07:33.040Z,"171km E of Nago, Japan",earthquake,5.8,1.9,0.206,8,reviewed,us,us
2018-09-15T16:35:16.780Z,51.5719,16.1921,10,4.7,mb,,34,1.992,1.35,us,us2000hf7a,2018-09-19T17:10:37.040Z,"3km SSE of Grebocice, Poland",earthquake,5.8,1.9,0.06,85,reviewed,us,us
2018-09-15T16:24:34.890Z,26.575,129.5298,10.79,5.6,mww,,31,1.154,0.7,us,us2000hf73,2018-09-19T17:02:17.786Z,"154km E of Nago, Japan",earthquake,7.1,3.2,0.046,46,reviewed,us,us
2018-09-15T15:40:15.080Z,49.8462,156.173,49.47,5.4,mww,,53,3.403,0.65,us,us2000hf6l,2018-09-19T16:10:23.040Z,"92km S of Severo-Kuril'sk, Russia",earthquake,8.3,4,0.075,17,reviewed,us,us
2018-09-15T15:37:59.290Z,26.68,129.6343,8.35,5.2,mww,,69,1.227,0.8,us,us2000hf6h,2018-09-19T15:55:03.040Z,"165km E of Nago, Japan",earthquake,7.4,3.5,0.063,24,reviewed,us,us
2018-09-15T15:15:42.870Z,19.1225,145.8825,84.76,4.6,mb,,104,3.861,0.45,us,us2000hf6e,2018-09-19T15:37:38.040Z,"45km NNE of Agrihan, Northern Mariana Islands",earthquake,12.4,8.6,0.083,43,reviewed,us,us
2018-09-15T15:13:18.010Z,-9.7657,-78.4957,65.66,4.9,mb,,77,2.741,0.59,us,us2000hf65,2018-09-19T15:34:58.725Z,"50km NW of Huarmey, Peru",earthquake,8.9,3.2,0.037,231,reviewed,us,us
2018-09-15T13:53:38.750Z,26.7453,129.7348,10,4.9,mww,,73,1.31,0.81,us,us2000hf5n,2018-09-19T15:22:25.040Z,"175km E of Nago, Japan",earthquake,5.1,1.8,0.089,12,reviewed,us,us
2018-09-15T12:42:17.830Z,-55.0614,-129.0396,10,5,mb,,132,30.708,0.44,us,us2000hf50,2018-09-23T12:26:37.040Z,"Pacific-Antarctic Ridge",earthquake,16.8,1.9,0.092,38,reviewed,us,us
2018-09-15T10:45:32.200Z,18.1337,147.2618,10,5.2,mb,,98,3.204,0.95,us,us2000hf42,2018-09-15T15:51:15.040Z,"157km E of Pagan, Northern Mariana Islands",earthquake,8.9,1.9,0.039,211,reviewed,us,us
2018-09-15T08:32:21.290Z,26.5995,129.5698,10,5.1,mb,,73,1.184,0.91,us,us2000hf2g,2018-09-15T08:51:12.040Z,"158km E of Nago, Japan",earthquake,5.9,1.8,0.039,211,reviewed,us,us
2018-09-15T08:19:18.260Z,26.5841,129.5462,10,4.9,mb,,73,1.166,0.93,us,us2000hf2c,2018-09-15T08:39:22.040Z,"156km E of Nago, Japan",earthquake,3,1.9,0.068,67,reviewed,us,us
2018-09-15T08:05:29.280Z,26.6579,129.5633,10,5.6,mww,,34,1.167,0.86,us,us2000hf24,2018-09-18T14:53:10.040Z,"158km E of Nago, Japan",earthquake,5.5,1.8,0.073,18,reviewed,us,us
2018-09-15T05:38:38.370Z,26.778,129.6497,10,4.8,mb,,89,1.232,0.56,us,us2000hf10,2018-09-15T06:08:06.040Z,"167km E of Nago, Japan",earthquake,5.5,1.9,0.071,60,reviewed,us,us
2018-09-15T04:54:38.160Z,26.6804,129.6386,10,4.9,mb,,74,1.231,0.66,us,us2000hf0m,2018-10-03T04:19:53.040Z,"165km E of Nago, Japan",earthquake,2.4,1.8,0.047,143,reviewed,us,us
2018-09-15T04:52:48.080Z,26.6592,129.6182,10,4.9,mb,,73,1.216,0.47,us,us2000hf0x,2018-09-16T22:02:46.040Z,"163km E of Nago, Japan",earthquake,7.3,1.4,0.053,111,reviewed,us,us
2018-09-15T04:40:19.690Z,26.6985,129.5628,10,5.4,mww,,55,1.161,0.6,us,us2000hf01,2018-10-03T03:07:50.636Z,"158km E of Nago, Japan",earthquake,8.3,1.7,0.053,34,reviewed,us,us
2018-09-15T04:29:49.850Z,-1.3123,-15.5285,10,4.7,mb,,76,13.28,0.75,us,us2000hezz,2018-10-03T00:40:44.040Z,"North of Ascension Island",earthquake,12.6,1.9,0.097,32,reviewed,us,us
2018-09-15T04:14:35.200Z,26.6969,129.6547,10,4.9,mb,,70,1.243,0.6,us,us2000hezn,2018-10-02T22:01:16.040Z,"167km E of Nago, Japan",earthquake,8,1.8,0.04,198,reviewed,us,us
2018-09-15T04:13:09.260Z,26.6535,129.6305,10,4.5,mb,,90,1.227,0.79,us,us2000hi9g,2018-10-02T21:54:28.040Z,"164km E of Nago, Japan",earthquake,4.6,1.9,0.181,10,reviewed,us,us
2018-09-15T03:51:16.800Z,26.6719,129.5944,10,4.6,mb,,92,1.193,0.92,us,us2000hi9p,2018-10-05T21:43:51.040Z,"161km E of Nago, Japan",earthquake,5.3,1.9,0.128,18,reviewed,us,us
2018-09-15T03:47:55.040Z,37.1672,71.8104,167.24,4.5,mb,,66,0.381,0.81,us,us2000hez5,2018-10-05T05:56:19.040Z,"10km S of Roshtqal'a, Tajikistan",earthquake,6.9,3.6,0.093,34,reviewed,us,us
2018-09-15T03:32:46.420Z,-52.2366,15.5845,10,4.5,mb,,98,20.207,1.26,us,us2000hi9f,2018-10-05T05:51:22.040Z,"Southwest of Africa",earthquake,14.7,1.9,0.14,15,reviewed,us,us
2018-09-15T02:58:19.990Z,44.408,149.2402,35,4.5,mb,,176,4.783,0.49,us,us2000heyc,2018-10-05T00:51:05.040Z,"141km SE of Kuril'sk, Russia",earthquake,6.3,2,0.086,40,reviewed,us,us
2018-09-15T02:50:33.280Z,-52.3046,15.6742,10,4.8,mb,,52,20.261,1.03,us,us2000hi9c,2018-10-05T00:32:14.040Z,"Southwest of Africa",earthquake,13,1.8,0.113,24,reviewed,us,us
2018-09-15T01:48:29.130Z,26.7476,129.5933,10,4.8,mb,,78,1.183,0.49,us,us2000hexr,2018-10-04T23:05:19.040Z,"161km E of Nago, Japan",earthquake,6,1.8,0.079,50,reviewed,us,us
2018-09-15T01:42:50.540Z,26.7751,129.5914,29.89,4.5,mb,,91,1.18,0.57,us,us2000hi9n,2018-10-03T05:58:30.040Z,"162km E of Nago, Japan",earthquake,6.1,6.5,0.192,9,reviewed,us,us
2018-09-15T01:41:58.020Z,26.7167,129.6157,29.89,4.6,mb,,95,1.206,0.84,us,us2000hi9k,2018-10-04T22:48:27.040Z,"163km E of Nago, Japan",earthquake,6.8,6.1,0.151,14,reviewed,us,us
2018-09-15T00:40:56.910Z,-23.0461,171.2976,10,5.2,mww,,96,3.579,1.16,us,us2000hex2,2018-10-06T22:35:08.040Z,"105km SW of Ile Hunter, New Caledonia",earthquake,6.6,1.7,0.103,9,reviewed,us,us
2018-09-15T00:08:21.430Z,26.7302,129.6429,9.32,5.7,mww,,24,1.229,0.67,us,us2000hewm,2018-10-06T22:17:35.229Z,"166km E of Nago, Japan",earthquake,4.8,2.7,0.051,37,reviewed,us,us
2018-09-14T18:15:11.750Z,-32.5454,-71.6043,32.47,4.5,mwr,,68,0.259,0.98,us,us2000heqr,2018-10-08T15:50:04.987Z,"36km WSW of La Ligua, Chile",earthquake,4.7,4.4,0.039,63,reviewed,us,us
2018-09-14T15:50:16.860Z,-2.709,138.7776,38.45,5.8,mww,,20,6.524,0.93,us,us2000hep2,2018-09-14T21:07:36.040Z,"200km W of Abepura, Indonesia",earthquake,6.3,3.6,0.053,34,reviewed,us,us
2018-09-14T11:20:02.590Z,-16.0473,-71.4991,120.99,5.4,mww,,65,2.468,1.15,us,us2000hekx,2018-09-14T17:51:15.040Z,"8km SSW of Pucara, Peru",earthquake,8,7.3,0.069,20,reviewed,us,us
2018-09-14T10:50:38.740Z,-19.2478,-69.3235,107.09,4.6,mb,,95,0.435,0.88,us,us2000hekj,2018-09-14T11:43:59.040Z,"118km SSE of Putre, Chile",earthquake,6.7,6.3,0.065,70,reviewed,us,us
2018-09-14T07:58:18.300Z,-25.0872,179.9881,479.43,4.7,mb,,73,4.537,0.8,us,us2000heis,2018-09-14T08:28:29.040Z,"South of the Fiji Islands",earthquake,11.5,7.7,0.055,100,reviewed,us,us
2018-09-14T07:51:26.040Z,7.0988,94.2279,85.74,5.1,mww,,64,3.28,1.06,us,us2000heil,2018-09-14T18:15:07.040Z,"139km SE of Mohean, India",earthquake,7.6,5.8,0.073,18,reviewed,us,us
2018-09-14T05:35:24.960Z,36.8229,140.6774,12.84,4.6,mwr,,128,1.048,0.62,us,us2000hegx,2018-09-16T02:10:57.627Z,"7km NW of Kitaibaraki, Japan",earthquake,4.9,2.6,0.069,20,reviewed,us,us
2018-09-14T04:12:37.480Z,-7.7362,-74.5889,150.37,5,mww,,86,1.867,0.94,us,us2000hefr,2018-09-14T17:54:51.040Z,"64km SE of Contamana, Peru",earthquake,7.2,6.3,0.073,18,reviewed,us,us
2018-09-14T02:00:58.080Z,-3.0645,138.1055,64.44,4.5,mb,,214,5.85,1.06,us,us2000hef0,2018-09-14T02:44:56.040Z,"216km ENE of Enarotali, Indonesia",earthquake,15.4,19.5,0.156,12,reviewed,us,us
2018-09-14T01:36:00.440Z,8.6994,-83.2463,15.78,4.6,mwr,,108,0.295,0.99,us,us2000heeg,2018-09-14T12:55:42.936Z,"11km NW of Golfito, Costa Rica",earthquake,7.1,4.6,0.075,17,reviewed,us,us
2018-09-13T23:52:47.830Z,0.6273,29.9281,10,4.5,mb,,92,1.465,0.86,us,us2000hi5x,2018-10-01T04:35:43.040Z,"17km SW of Bundibugyo, Uganda",earthquake,9.3,2,0.313,3,reviewed,us,us
2018-09-13T21:54:22.380Z,42.7494,141.934,26.62,4.5,mwr,,71,1.166,0.7,us,us2000he9l,2018-09-25T03:15:36.831Z,"24km ESE of Chitose, Japan",earthquake,6,4.3,0.086,13,reviewed,us,us
2018-09-13T21:31:09.450Z,36.5216,71.2044,230.14,4.5,mb,,36,0.785,0.6,us,us2000he7w,2018-10-05T03:46:32.040Z,"34km WSW of Ashkasham, Afghanistan",earthquake,6.8,5.9,0.032,285,reviewed,us,us
2018-09-13T18:38:23.930Z,-15.6334,-175.1608,246.72,4.5,mb,,62,3.694,0.79,us,us2000hi5p,2018-10-10T14:10:31.040Z,"155km WNW of Hihifo, Tonga",earthquake,10.7,6.5,0.081,45,reviewed,us,us
2018-09-13T17:34:12.390Z,-34.8245,-179.3472,20.09,5.3,mww,,115,3.326,0.71,us,us2000he2j,2018-10-08T20:36:17.040Z,"South of the Kermadec Islands",earthquake,8.7,3.8,0.059,28,reviewed,us,us
2018-09-13T16:49:17.100Z,3.1532,128.1149,140.37,5,mb,,112,2.48,0.72,us,us2000he1s,2018-10-06T20:26:10.040Z,"157km N of Tobelo, Indonesia",earthquake,8.9,7.6,0.041,192,reviewed,us,us
2018-09-13T12:03:20.030Z,-15.5678,-70.1596,217.41,4.5,mb,,114,2.079,1.21,us,us2000hdyf,2018-10-09T06:52:03.040Z,"8km SSW of Juliaca, Peru",earthquake,9.4,10.2,0.089,37,reviewed,us,us
2018-09-13T11:38:04.760Z,-55.8773,-123.2114,10,5.5,mww,,50,27.914,1.21,us,us2000hdy6,2018-10-09T06:50:18.981Z,"Southern East Pacific Rise",earthquake,13.3,1.8,0.075,17,reviewed,us,us
2018-09-13T08:27:07.320Z,-14.2012,-13.6996,10,4.9,mb,,66,22.517,0.67,us,us2000hdvq,2018-09-13T08:52:11.040Z,"Southern Mid-Atlantic Ridge",earthquake,10.3,1.5,0.092,37,reviewed,us,us
2018-09-13T06:27:01.550Z,-35.0597,-179.4059,10,4.8,mb,,87,3.106,0.94,us,us2000hdu8,2018-09-13T07:00:30.304Z,"East of the North Island of New Zealand",earthquake,6.2,1.8,0.105,28,reviewed,us,us
2018-09-13T02:23:19.690Z,13.4504,144.6247,95.03,4.5,mb,,53,0.274,0.66,us,us2000hdt0,2018-09-13T11:52:35.691Z,"7km NNW of Agat Village, Guam",earthquake,11.9,4.2,0.065,69,reviewed,us,us
2018-09-12T22:51:04.860Z,-39.8928,44.4516,10,5.1,mb,,49,15.026,0.77,us,us2000hdqn,2018-10-03T05:28:32.040Z,"Southwest Indian Ridge",earthquake,10.2,1.6,0.056,106,reviewed,us,us
2018-09-12T22:32:39.260Z,-3.8139,151.6166,10,5.1,mww,,50,0.662,0.54,us,us2000hdqb,2018-10-03T04:23:49.040Z,"74km NW of Rabaul, Papua New Guinea",earthquake,6.7,1.8,0.071,19,reviewed,us,us
2018-09-12T18:07:50.570Z,0.0791,123.6919,120.82,4.7,mb,,47,1.444,1.1,us,us2000hdjw,2018-10-03T12:39:13.040Z,"46km SW of Molibagu, Indonesia",earthquake,8.1,7.7,0.068,65,reviewed,us,us
2018-09-12T17:32:37.160Z,-5.6506,147.3076,123.16,4.5,mb,,92,3.732,0.85,us,us2000hhl3,2018-10-04T21:57:26.040Z,"122km NNW of Finschhafen, Papua New Guinea",earthquake,9.5,7.2,0.1,29,reviewed,us,us
2018-09-12T16:34:01.390Z,42.6477,142.0271,43.95,4.5,mb,,84,1.049,1.08,us,us2000hdhg,2018-10-02T04:50:23.040Z,"34km E of Tomakomai, Japan",earthquake,6.2,9.2,0.1,29,reviewed,us,us
2018-09-12T15:35:16.080Z,13.2268,-87.83,10,4.7,mb,,129,0.925,0.89,us,us2000hdfj,2018-10-02T02:06:23.449Z,"9km SSE of Conchagua, El Salvador",earthquake,5.8,1.9,0.041,184,reviewed,us,us
2018-09-12T11:06:34.230Z,32.7234,105.6616,10,5,mww,,19,4.082,0.6,us,us2000hddm,2018-10-04T10:41:28.618Z,"17km ENE of Shazhou, China",earthquake,7.9,1.9,0.062,25,reviewed,us,us
2018-09-12T10:14:00.930Z,19.1661,121.1678,34.95,4.5,mb,,121,3.634,0.79,us,us2000hhku,2018-10-04T11:22:06.040Z,"61km N of Namuac, Philippines",earthquake,6.7,5.1,0.078,48,reviewed,us,us
2018-09-12T07:27:50.190Z,-5.2755,102.3876,42.9,5.1,mb,,67,1.07,1.02,us,us2000hdbf,2018-10-08T13:41:56.040Z,"154km W of Kuripan, Indonesia",earthquake,7.1,5.6,0.063,82,reviewed,us,us
2018-09-12T06:29:53.110Z,12.153,-86.8298,103,5.4,mww,,28,0.581,1.34,us,us2000hdas,2018-10-08T12:38:31.817Z,"26km SW of La Paz Centro, Nicaragua",earthquake,3.4,1.9,0.042,54,reviewed,us,us
2018-09-12T06:21:48.430Z,36.1275,31.0886,49.3,5.3,mww,,51,1.135,1.28,us,us2000hdam,2018-10-08T12:09:48.772Z,"65km SE of Tekirova, Turkey",earthquake,5.4,4.8,0.053,34,reviewed,us,us
2018-09-12T05:49:59.770Z,54.6773,142.761,10,4.7,mb,,93,6.564,1.05,us,us2000hda3,2018-10-08T12:02:19.040Z,"123km N of Okha, Russia",earthquake,10.6,1.9,0.064,73,reviewed,us,us
2018-09-12T05:39:42.940Z,-24.0673,-175.3771,39.35,4.6,mb,,98,7.097,0.79,us,us2000hhkh,2018-10-09T07:30:55.040Z,"South of Tonga",earthquake,9.7,4.4,0.147,20,reviewed,us,us
2018-09-12T04:50:46.670Z,26.374,90.1647,10,5.3,mww,,22,1.721,0.84,us,us2000hd8v,2018-09-17T13:59:48.673Z,"7km NE of Sapatgram, India",earthquake,5.9,1.7,0.078,16,reviewed,us,us
2018-09-12T02:35:26.690Z,14.8462,-94.0518,23.95,4.8,mb,,159,1.172,1.39,us,us2000hd7p,2018-10-09T22:40:10.094Z,"125km SSW of Tres Picos, Mexico",earthquake,4.2,4.7,0.029,381,reviewed,us,us
2018-09-12T01:56:30.110Z,-34.8318,-179.0815,10,4.5,mb,,192,3.447,0.93,us,us2000hhkd,2018-10-02T01:29:31.040Z,"South of the Kermadec Islands",earthquake,13,1.9,0.145,14,reviewed,us,us
2018-09-12T00:45:25.830Z,24.1454,123.6824,23.57,4.6,mb,,95,0.691,0.73,us,us2000hhkc,2018-10-02T01:04:29.040Z,"53km WSW of Ishigaki, Japan",earthquake,6.9,5.6,0.11,25,reviewed,us,us
2018-09-12T00:28:09.050Z,45.6083,150.0151,80.69,5.1,mb,,101,5.207,1.2,us,us2000hd70,2018-10-02T00:52:32.040Z,"171km ENE of Kuril'sk, Russia",earthquake,5.5,5.6,0.023,608,reviewed,us,us
2018-09-11T23:45:08.780Z,36.3149,76.293,76.11,4.5,mb,,80,3.637,0.91,us,us2000hd6d,2018-10-01T22:56:40.040Z,"128km NNE of Skardu, Pakistan",earthquake,6.9,7.6,0.07,59,reviewed,us,us
2018-09-11T21:54:08.820Z,-18.7512,168.7141,142.39,4.5,mb,,187,2.447,0.57,us,us2000hh6r,2018-10-03T02:53:11.040Z,"105km NNW of Isangel, Vanuatu",earthquake,12.5,3.1,0.171,10,reviewed,us,us
2018-09-11T19:07:26.480Z,1.6419,127.3861,155.05,4.5,mb,,62,0.864,0.86,us,us2000hd0a,2018-10-06T17:00:26.040Z,"70km W of Tobelo, Indonesia",earthquake,7.2,4.5,0.049,120,reviewed,us,us
2018-09-11T16:34:47.840Z,36.503,71.0343,161.49,4.6,mb,,74,0.722,0.96,us,us2000hcsx,2018-09-20T16:51:00.040Z,"43km SSE of Jarm, Afghanistan",earthquake,7.3,5.9,0.098,31,reviewed,us,us
2018-09-11T15:49:12.750Z,-28.6589,-176.073,10,4.5,mb,,162,1.728,0.96,us,us2000hh6e,2018-09-20T16:33:43.040Z,"190km ENE of Raoul Island, New Zealand",earthquake,10.8,1.9,0.145,14,reviewed,us,us
2018-09-11T15:14:08.930Z,-54.1983,-146.6924,10,5.4,mww,,47,28.788,0.81,us,us2000hcpc,2018-09-20T15:41:17.040Z,"Pacific-Antarctic Ridge",earthquake,12.9,1.8,0.103,9,reviewed,us,us
2018-09-11T15:09:27.250Z,-54.2289,-146.6434,10,5.3,mww,,45,28.768,0.78,us,us2000hcpd,2018-09-20T15:38:34.040Z,"Pacific-Antarctic Ridge",earthquake,12.8,1.8,0.11,8,reviewed,us,us
2018-09-11T15:08:49.030Z,30.4041,131.0237,35,4.8,mb,,108,2.715,0.79,us,us2000hcnz,2018-09-20T15:36:13.040Z,"36km S of Nishinoomote, Japan",earthquake,7.7,2,0.064,74,reviewed,us,us
2018-09-11T14:26:15.550Z,-22.5742,-176.8773,159.38,4.5,mb,,117,6.764,0.69,us,us2000hh6c,2018-09-20T15:20:23.040Z,"230km SW of Vaini, Tonga",earthquake,13.6,5.5,0.096,32,reviewed,us,us
2018-09-11T14:18:17.060Z,30.3898,131.0138,35,4.6,mb,,132,2.729,0.7,us,us2000hcmp,2018-09-20T14:35:52.040Z,"38km S of Nishinoomote, Japan",earthquake,7.6,2,0.103,28,reviewed,us,us
2018-09-11T13:25:58.100Z,41.2473,142.3869,42.63,4.9,mww,,124,0.96,0.78,us,us2000hclq,2018-09-20T14:11:08.656Z,"98km E of Mutsu, Japan",earthquake,6.3,5.4,0.071,19,reviewed,us,us
2018-09-11T13:20:52.510Z,39.6445,132.1629,510.33,4.5,mb,,80,3.978,0.79,us,us2000hcln,2018-09-20T14:07:54.040Z,"282km ESE of Kilju, North Korea",earthquake,5.8,5,0.045,144,reviewed,us,us
2018-09-11T09:25:49.060Z,-17.7948,179.9525,624.03,4.5,mb,,119,1.81,1.03,us,us2000hciw,2018-09-11T09:47:29.040Z,"164km ENE of Suva, Fiji",earthquake,12.5,7.7,0.031,304,reviewed,us,us
2018-09-11T06:56:43.730Z,-23.0674,-178.0853,326.56,4.5,mb,,116,6.415,1.44,us,us2000hcgf,2018-10-09T07:05:41.040Z,"275km SSE of Ndoi Island, Fiji",earthquake,10.9,8.3,0.06,82,reviewed,us,us
2018-09-11T06:42:57.190Z,-0.8176,121.9479,30.95,4.7,mb,,71,0.853,0.81,us,us2000hcga,2018-10-08T11:50:19.040Z,"94km W of Luwuk, Indonesia",earthquake,6.6,7.1,0.117,22,reviewed,us,us
2018-09-11T04:43:26.130Z,23.8374,121.5447,4.29,4.7,mb,,138,0.338,0.52,us,us2000hcel,2018-09-15T00:43:01.985Z,"16km SSW of Hualian, Taiwan",earthquake,1.8,5.2,0.066,70,reviewed,us,us
2018-09-11T04:40:29.150Z,-5.6197,152.0809,64.25,4.6,mb,,189,1.421,0.79,us,us2000hcei,2018-09-11T04:59:30.040Z,"141km S of Kokopo, Papua New Guinea",earthquake,11.6,9.6,0.095,33,reviewed,us,us
2018-09-11T00:58:49.270Z,-7.1668,-13.0568,10,4.7,mb,,55,1.499,0.78,us,us2000hh5g,2018-10-01T21:56:39.040Z,"172km ENE of Georgetown, Saint Helena",earthquake,8.7,1.6,0.084,43,reviewed,us,us
2018-09-10T23:02:56.060Z,37.2304,30.6131,108.14,5.1,mwr,,25,0.617,0.62,us,us2000hc6y,2018-10-06T23:08:43.905Z,"25km S of Bucak, Turkey",earthquake,5.2,3.7,0.066,22,reviewed,us,us
2018-09-10T21:55:19.840Z,-12.834,122.6898,10,4.5,mb,,73,3.428,0.97,us,us2000hc5a,2018-10-01T02:00:32.040Z,"South of Timor",earthquake,6.7,1.9,0.156,12,reviewed,us,us
2018-09-10T21:05:47.240Z,-21.7934,-176.2651,164.81,4.5,mb,,113,6.528,0.76,us,us2000hgs2,2018-10-01T01:48:54.040Z,"128km WSW of Vaini, Tonga",earthquake,14.2,9.5,0.116,22,reviewed,us,us
2018-09-10T20:47:26.570Z,-22.4935,169.892,10,4.5,mb,,120,2.263,0.81,us,us2000hgs1,2018-10-02T18:48:38.040Z,"222km W of Ile Hunter, New Caledonia",earthquake,12.9,1.9,0.272,4,reviewed,us,us
2018-09-10T20:41:23.880Z,-22.089,169.8181,10,4.8,mb,,99,2.256,1.23,us,us2000hc3t,2018-10-03T12:32:19.040Z,"208km ESE of Tadine, New Caledonia",earthquake,9.5,1.9,0.105,28,reviewed,us,us
2018-09-10T20:24:41.060Z,-17.8993,-178.0013,576.96,5.1,mb,,31,3.762,1.02,us,us2000hc33,2018-10-02T12:45:34.234Z,"Fiji region",earthquake,11.1,5.2,0.027,457,reviewed,us,us
2018-09-10T20:22:24.280Z,-8.1902,116.5118,10,5.1,mww,,49,2.351,0.9,us,us2000hc2z,2018-10-02T12:43:58.146Z,"9km NNW of Obelobel, Indonesia",earthquake,7.2,1.8,0.075,17,reviewed,us,us
2018-09-10T19:58:45.730Z,42.6802,141.9843,35,4.6,mb,,72,1.094,0.8,us,us2000hc2j,2018-10-02T12:42:07.040Z,"31km E of Tomakomai, Japan",earthquake,6.6,2,0.048,131,reviewed,us,us
2018-09-10T19:42:24.250Z,-22.1428,169.7829,10,4.6,mb,,123,2.212,1.1,us,us2000hgs0,2018-10-02T18:40:44.040Z,"207km ESE of Tadine, New Caledonia",earthquake,9.1,2,0.172,13,reviewed,us,us
2018-09-10T19:31:37.420Z,-21.988,170.1584,12,6.3,mww,,29,2.587,1.02,us,us2000hc1x,2018-10-02T12:48:57.180Z,"200km WNW of Ile Hunter, New Caledonia",earthquake,8.7,1.6,0.036,74,reviewed,us,us
2018-09-10T17:48:07.050Z,-33.8907,-179.0387,10,4.5,mb,,203,4.252,0.45,us,us2000hgrw,2018-10-02T17:21:49.040Z,"272km S of L'Esperance Rock, New Zealand",earthquake,9.9,1.9,0.171,10,reviewed,us,us
2018-09-10T17:15:48.800Z,16.0459,-98.2393,8.07,4.9,mww,,99,1.54,0.92,us,us2000hbzi,2018-10-02T12:36:46.946Z,"38km SW of Santiago Pinotepa Nacional, Mexico",earthquake,8.3,3.2,0.073,18,reviewed,us,us
